serie,site,zone,TipoDeArea,transect,latitud,estacion,year,profundidad (m),temperatura celsius,hora_num_util,familia,especie,grupo_funcional,grupo_trofico,forrajeo_hr,PF_hr,estado,,,,,,
GH010102,Punta el Yeso,Norte,AMERB,1,-23.411305,fall ,2021,10.6,10.9,0.243333333,Blenidae,Scartichthys gigas ,Herbivore and Detritivore,Herbivoro,2.054794521,0.017492784,COMPLETO,,,,,,
GH010102,Punta el Yeso,Norte,AMERB,1,-23.411305,fall ,2021,10.6,10.9,0.243333333,NaN,NaN,NaN,Carnivoro,0,0,COMPLETO,,,,,,
GH010124,Punta el Yeso,Norte,AMERB,4,-23.411305,fall ,2021,8.7,16,0.05805,Blenidae,Scartichthys gigas ,Herbivore and Detritivore,Herbivoro,17.22652885,0.146652112,COMPLETO,,,,,,
GH010124,Punta el Yeso,Norte,AMERB,4,-23.411305,fall ,2021,8.7,16,0.05805,NaN,NaN,NaN,Carnivoro,0,0,COMPLETO,,,,,,
GOPR9622,Punta el Yeso,Norte,AMERB,6,-23.411305,fall ,2021,6.2,15,0.641383333,Blenidae,Scartichthys viridis,Herbivore and Detritivore,Herbivoro,2.338695008,0.003108156,COMPLETO,,,,,,
GOPR9622,Punta el Yeso,Norte,AMERB,6,-23.411305,fall ,2021,6.2,15,0.641383333,Blenidae,Scartichthys gigas ,Herbivore and Detritivore,Herbivoro,0.779565003,0.001418926,COMPLETO,,,,,,
GOPR9622,Punta el Yeso,Norte,AMERB,6,-23.411305,fall ,2021,6.2,15,0.641383333,Blenidae,Scartichthys viridis,Herbivore and Detritivore,Herbivoro,0.779565003,0.001036052,COMPLETO,,,,,,
GOPR9622,Punta el Yeso,Norte,AMERB,6,-23.411305,fall ,2021,6.2,15,0.641383333,Blenidae,Scartichthys gigas ,Herbivore and Detritivore,Herbivoro,0.779565003,0.003382787,COMPLETO,,,,,,
GOPR9622,Punta el Yeso,Norte,AMERB,6,-23.411305,fall ,2021,6.2,15,0.641383333,Blenidae,Scartichthys gigas ,Herbivore and Detritivore,Herbivoro,0.779565003,0.006636558,COMPLETO,,,,,,
GOPR9622,Punta el Yeso,Norte,AMERB,6,-23.411305,fall ,2021,6.2,15,0.641383333,Blenidae,Scartichthys gigas ,Herbivore and Detritivore,Herbivoro,0.779565003,0.001418926,COMPLETO,,,,,,
GOPR9622,Punta el Yeso,Norte,AMERB,6,-23.411305,fall ,2021,6.2,15,0.641383333,Blenidae,Scartichthys gigas ,Herbivore and Detritivore,Herbivoro,2.338695008,0.019909673,COMPLETO,,,,,,
GOPR9622,Punta el Yeso,Norte,AMERB,6,-23.411305,fall ,2021,6.2,15,0.641383333,Blenidae,Scartichthys gigas ,Herbivore and Detritivore,Herbivoro,3.897825014,0.016913935,COMPLETO,,,,,,
GOPR9622,Punta el Yeso,Norte,AMERB,6,-23.411305,fall ,2021,6.2,15,0.641383333,Blenidae,Scartichthys viridis,Herbivore and Detritivore,Herbivoro,0.779565003,0.001036052,COMPLETO,,,,,,
GOPR9622,Punta el Yeso,Norte,AMERB,6,-23.411305,fall ,2021,6.2,15,0.641383333,Blenidae,Scartichthys gigas ,Herbivore and Detritivore,Herbivoro,0.779565003,0.003382787,COMPLETO,,,,,,
GOPR9622,Punta el Yeso,Norte,AMERB,6,-23.411305,fall ,2021,6.2,15,0.641383333,NaN,NaN,NaN,Carnivoro,0,0,COMPLETO,,,,,,
GH029772,Punta Arenas,Norte,AMERB,1,-21.6323,fall ,2021,11.8,12.8,0.702216667,Blenidae,Scartichthys gigas ,Herbivore and Detritivore,Herbivoro,0.71203095,0.004409626,COMPLETO,,,,,,
GH029772,Punta Arenas,Norte,AMERB,1,-21.6323,fall ,2021,11.8,12.8,0.702216667,Blenidae,Scartichthys gigas ,Herbivore and Detritivore,Herbivoro,0.71203095,0.004409626,COMPLETO,,,,,,
GH029772,Punta Arenas,Norte,AMERB,1,-21.6323,fall ,2021,11.8,12.8,0.702216667,Cheilodactylidae,Cheilodactylus variegatus,Movile invertivore,Carnivoro,0.71203095,0.405080999,COMPLETO,,,,,,
GH029772,Punta Arenas,Norte,AMERB,1,-21.6323,fall ,2021,11.8,12.8,0.702216667,Blenidae,Scartichthys gigas ,Herbivore and Detritivore,Herbivoro,2.136092849,0.075188777,COMPLETO,,,,,,
GH029772,Punta Arenas,Norte,AMERB,1,-21.6323,fall ,2021,11.8,12.8,0.702216667,Blenidae,Scartichthys gigas ,Herbivore and Detritivore,Herbivoro,0.71203095,0.003089735,COMPLETO,,,,,,
GH029772,Punta Arenas,Norte,AMERB,1,-21.6323,fall ,2021,11.8,12.8,0.702216667,Cheilodactylidae,Cheilodactylus variegatus,Movile invertivore,Carnivoro,0.71203095,0.20464316,COMPLETO,,,,,,
GH029772,Punta Arenas,Norte,AMERB,1,-21.6323,fall ,2021,11.8,12.8,0.702216667,Cheilodactylidae,Cheilodactylus variegatus,Movile invertivore,Carnivoro,2.136092849,0.613929479,COMPLETO,,,,,,
GH029775,Punta Arenas,Norte,AMERB,2,-21.6323,fall ,2021,14.5,14,0.3886,Cheilodactylidae,Cheilodactylus variegatus,Movile invertivore,Carnivoro,2.573340196,1.463997061,COMPLETO,,,,,,
GH029775,Punta Arenas,Norte,AMERB,2,-21.6323,fall ,2021,14.5,14,0.3886,NaN,NaN,NaN,Herbivoro,0,0,COMPLETO,,,,,,
GH019767,Pisagua,Norte,AMERB,1,-19.56843,fall ,2021,14,16,0.437216667,Cheilodactylidae,Cheilodactylus variegatus,Movile invertivore,Carnivoro,2.287195517,2.273217052,COMPLETO,,,,,,
GH019767,Pisagua,Norte,AMERB,1,-19.56843,fall ,2021,14,16,0.437216667,Cheilodactylidae,Cheilodactylus variegatus,Movile invertivore,Carnivoro,1.143597759,1.136608526,COMPLETO,,,,,,
GH019767,Pisagua,Norte,AMERB,1,-19.56843,fall ,2021,14,16,0.437216667,Cheilodactylidae,Cheilodactylus variegatus,Movile invertivore,Carnivoro,3.430793276,3.409825578,COMPLETO,,,,,,
GH019767,Pisagua,Norte,AMERB,1,-19.56843,fall ,2021,14,16,0.437216667,Blenidae,Scartichthys viridis,Herbivore and Detritivore,Herbivoro,1.143597759,0.011826364,COMPLETO,,,,,,
GH019767,Pisagua,Norte,AMERB,1,-19.56843,fall ,2021,14,16,0.437216667,Cheilodactylidae,Cheilodactylus variegatus,Movile invertivore,Carnivoro,1.143597759,0.328678773,COMPLETO,,,,,,
GH019767,Pisagua,Norte,AMERB,1,-19.56843,fall ,2021,14,16,0.437216667,Blenidae,Scartichthys viridis,Herbivore and Detritivore,Herbivoro,1.143597759,0.011826364,COMPLETO,,,,,,
GH019767,Pisagua,Norte,AMERB,1,-19.56843,fall ,2021,14,16,0.437216667,Blenidae,Scartichthys viridis,Herbivore and Detritivore,Herbivoro,1.143597759,0.011826364,COMPLETO,,,,,,
GH019767,Pisagua,Norte,AMERB,1,-19.56843,fall ,2021,14,16,0.437216667,Cheilodactylidae,Cheilodactylus variegatus,Movile invertivore,Carnivoro,1.143597759,0.117386963,COMPLETO,,,,,,
GH029768,Pisagua,Norte,AMERB,3,-19.56843,fall ,2021,13,16,0.348883333,Cheilodactylidae,Cheilodactylus variegatus,Movile invertivore,Carnivoro,1.43314384,0.049389696,COMPLETO,,,,,,
GH029768,Pisagua,Norte,AMERB,3,-19.56843,fall ,2021,13,16,0.348883333,Cheilodactylidae,Cheilodactylus variegatus,Movile invertivore,Carnivoro,1.43314384,0.049389696,COMPLETO,,,,,,
GH029768,Pisagua,Norte,AMERB,3,-19.56843,fall ,2021,13,16,0.348883333,NaN,NaN,NaN,Herbivoro,0,0,COMPLETO,,,,,,
GP019620,Pisagua,Norte,AMERB,4,-19.56843,fall ,2021,14.6,15.1,0.668333333,Cheilodactylidae,Cheilodactylus variegatus,Movile invertivore,Carnivoro,1.496259352,0.430036421,COMPLETO,,,,,,
GP019620,Pisagua,Norte,AMERB,4,-19.56843,fall ,2021,14.6,15.1,0.668333333,Blenidae,Scartichthys viridis,Herbivore and Detritivore,Herbivoro,0.748129676,0.025691234,COMPLETO,,,,,,
GH010082,Pisagua,Norte,AMERB,5,-19.56843,fall ,2021,13.6,13.8,0.391933333,Cheilodactylidae,Cheilodactylus variegatus,Movile invertivore,Carnivoro,1.275727164,0.664168195,COMPLETO,,,,,,
GH010082,Pisagua,Norte,AMERB,5,-19.56843,fall ,2021,13.6,13.8,0.391933333,Blenidae,Scartichthys gigas ,Herbivore and Detritivore,Herbivoro,2.551454329,0.073905021,COMPLETO,,,,,,
GH010082,Pisagua,Norte,AMERB,5,-19.56843,fall ,2021,13.6,13.8,0.391933333,Blenidae,Scartichthys gigas ,Herbivore and Detritivore,Herbivoro,1.275727164,0.036952511,COMPLETO,,,,,,
GH010082,Pisagua,Norte,AMERB,5,-19.56843,fall ,2021,13.6,13.8,0.391933333,Blenidae,Scartichthys gigas ,Herbivore and Detritivore,Herbivoro,2.551454329,0.128174405,COMPLETO,,,,,,
GH010082,Pisagua,Norte,AMERB,5,-19.56843,fall ,2021,13.6,13.8,0.391933333,Pinguipedidae,Pinguipes chilensis,General Carnivore ,Carnivoro,2.551454329,0.938731888,COMPLETO,,,,,,
GH010082,Pisagua,Norte,AMERB,5,-19.56843,fall ,2021,13.6,13.8,0.391933333,Cheilodactylidae,Cheilodactylus variegatus,Movile invertivore,Carnivoro,14.03299881,4.033191559,COMPLETO,,,,,,
GH010082,Pisagua,Norte,AMERB,5,-19.56843,fall ,2021,13.6,13.8,0.391933333,Cheilodactylidae,Cheilodactylus variegatus,Movile invertivore,Carnivoro,1.275727164,0.366653778,COMPLETO,,,,,,
GH010082,Pisagua,Norte,AMERB,5,-19.56843,fall ,2021,13.6,13.8,0.391933333,Pinguipedidae,Pinguipes chilensis,General Carnivore ,Carnivoro,2.551454329,2.157374126,COMPLETO,,,,,,
GH019769,Pisagua,Norte,AMERB,6,-19.56843,fall ,2021,13.4,15,0.392216667,Blenidae,Scartichthys viridis,Herbivore and Detritivore,Herbivoro,3.824416776,0.039549697,COMPLETO,,,,,,
GH019769,Pisagua,Norte,AMERB,6,-19.56843,fall ,2021,13.4,15,0.392216667,NaN,NaN,NaN,Carnivoro,0,0,COMPLETO,,,,,,
GH019771,Pisagua,Norte,AMERB,7,-19.56843,fall ,2021,12.4,15,0.720833333,Cheilodactylidae,Cheilodactylus variegatus,Movile invertivore,Carnivoro,4.855491329,2.762333969,COMPLETO,,,,,,
GH019771,Pisagua,Norte,AMERB,7,-19.56843,fall ,2021,12.4,15,0.720833333,Cheilodactylidae,Cheilodactylus variegatus,Movile invertivore,Carnivoro,2.080924855,0.422812297,COMPLETO,,,,,,
GH019771,Pisagua,Norte,AMERB,7,-19.56843,fall ,2021,12.4,15,0.720833333,Cheilodactylidae,Cheilodactylus variegatus,Movile invertivore,Carnivoro,2.080924855,0.598073774,COMPLETO,,,,,,
GH019771,Pisagua,Norte,AMERB,7,-19.56843,fall ,2021,12.4,15,0.720833333,NaN,NaN,NaN,Herbivoro,0,0,COMPLETO,,,,,,
T1-ChA-IFOP(02-11-20),Chañaral de Aceituno,Norte Centro,ALA,1,-29.071608,Spring,2020,14.9,14,0.461933333,Blenidae,Scartichthys viridis,Herbivore and Detritivore,Herbivoro,6.494443643,0.067161425,INCOMPLETO,,,,,,
T1-ChA-IFOP(02-11-20),Chañaral de Aceituno,Norte Centro,ALA,1,-29.071608,Spring,2020,14.9,14,0.461933333,NaN,NaN,NaN,Carnivoro,0,0,INCOMPLETO,,,,,,
T3-ChA-IFOP(02-11-20),Chañaral de Aceituno,Norte Centro,ALA,3,-29.071608,Spring,2020,16.3,13,0.330266667,Cheilodactylidae,Cheilodactylus variegatus,Movile invertivore,Carnivoro,1.513928139,0.435114566,INCOMPLETO,,,,,,
T3-ChA-IFOP(02-11-20),Chañaral de Aceituno,Norte Centro,ALA,3,-29.071608,Spring,2020,16.3,13,0.330266667,Cheilodactylidae,Cheilodactylus variegatus,Movile invertivore,Carnivoro,28.76463464,8.26717676,INCOMPLETO,,,,,,
T3-ChA-IFOP(02-11-20),Chañaral de Aceituno,Norte Centro,ALA,3,-29.071608,Spring,2020,16.3,13,0.330266667,Cheilodactylidae,Cheilodactylus variegatus,Movile invertivore,Carnivoro,1.513928139,0.435114566,INCOMPLETO,,,,,,
T3-ChA-IFOP(02-11-20),Chañaral de Aceituno,Norte Centro,ALA,3,-29.071608,Spring,2020,16.3,13,0.330266667,Cheilodactylidae,Cheilodactylus variegatus,Movile invertivore,Carnivoro,3.027856278,0.870229133,INCOMPLETO,,,,,,
T3-ChA-IFOP(02-11-20),Chañaral de Aceituno,Norte Centro,ALA,3,-29.071608,Spring,2020,16.3,13,0.330266667,Cheilodactylidae,Cheilodactylus variegatus,Movile invertivore,Carnivoro,1.513928139,0.435114566,INCOMPLETO,,,,,,
T3-ChA-IFOP(02-11-20),Chañaral de Aceituno,Norte Centro,ALA,3,-29.071608,Spring,2020,16.3,13,0.330266667,NaN,NaN,NaN,Herbivoro,0,0,INCOMPLETO,,,,,,
T4-ChA-IFOP(03-11-20),Chañaral de Aceituno ,Norte Centro,AMCP,4,-29.071608,Spring,2020,13.9,13,0.633883333,Sebastidae ,Sebastes oculatus ,General Carnivore ,Carnivoro,0.788788684,0.174913837,INCOMPLETO,,,,,,
T4-ChA-IFOP(03-11-20),Chañaral de Aceituno ,Norte Centro,AMCP,4,-29.071608,Spring,2020,13.9,13,0.633883333,Blenidae,Scartichthys viridis,Herbivore and Detritivore,Herbivoro,1.577577367,0.016314306,INCOMPLETO,,,,,,
T4-ChA-IFOP(03-11-20),Chañaral de Aceituno ,Norte Centro,AMCP,4,-29.071608,Spring,2020,13.9,13,0.633883333,Cheilodactylidae,Cheilodactylus variegatus,Movile invertivore,Carnivoro,0.788788684,0.226703921,INCOMPLETO,,,,,,
T6-ChA-IFOP(03-11-20),Chañaral de Aceituno,Norte Centro,AMCP,6,-29.071608,Spring,2020,17.1,13,0.854433333,Pinguipedidae,Pinguipes chilensis,General Carnivore ,Carnivoro,0.585183162,0.215300775,INCOMPLETO,,,,,,
T6-ChA-IFOP(03-11-20),Chañaral de Aceituno,Norte Centro,AMCP,6,-29.071608,Spring,2020,17.1,13,0.854433333,Pinguipedidae,Pinguipes chilensis,General Carnivore ,Carnivoro,0.585183162,0.215300775,INCOMPLETO,,,,,,
T6-ChA-IFOP(03-11-20),Chañaral de Aceituno,Norte Centro,AMCP,6,-29.071608,Spring,2020,17.1,13,0.854433333,Blenidae,Scartichthys viridis,Herbivore and Detritivore,Herbivoro,0.585183162,0.02009555,INCOMPLETO,,,,,,
T6-ChA-IFOP(03-11-20),Chañaral de Aceituno,Norte Centro,AMCP,6,-29.071608,Spring,2020,17.1,13,0.854433333,Pomacentridae,Chromis crusma,Planktivore,Planctivoro,0.585183162,0.004390202,INCOMPLETO,,,,,,
T6-ChA-IFOP(03-11-20),Chañaral de Aceituno,Norte Centro,AMCP,6,-29.071608,Spring,2020,17.1,13,0.854433333,Blenidae,Scartichthys viridis,Herbivore and Detritivore,Herbivoro,0.585183162,0.02009555,INCOMPLETO,,,,,,
T6-ChA-IFOP(03-11-20),Chañaral de Aceituno,Norte Centro,AMCP,6,-29.071608,Spring,2020,17.1,13,0.854433333,Blenidae,Scartichthys viridis,Herbivore and Detritivore,Herbivoro,1.170366325,0.0401911,INCOMPLETO,,,,,,
T7-ALA-ChA-(04-11-20),Chañaral de Aceituno,Norte Centro,ALA,7,-29.071608,Spring,2020,15,13,0.350833333,NaN,NaN,NaN,Carnivoro,0,0,INCOMPLETO,,,,,,
T7-ALA-ChA-(04-11-20),Chañaral de Aceituno,Norte Centro,ALA,7,-29.071608,Spring,2020,15,13,0.350833333,NaN,NaN,NaN,Herbivoro,0,0,INCOMPLETO,,,,,,
GOPR91418,Chañaral de Aceituno,Norte Centro,AMCP,5,-29.071608,Spring,2020,14,14,0.327216667,NaN,NaN,NaN,Carnivoro,0,0,INCOMPLETO,,,,,,
GOPR91418,Chañaral de Aceituno,Norte Centro,AMCP,5,-29.071608,Spring,2020,14,14,0.327216667,NaN,NaN,NaN,Herbivoro,0,0,INCOMPLETO,,,,,,
T5-ChA-IFOP(07-11-2020),Chañaral de Aceituno,Norte Centro,AMERB,5,-29.071608,Spring,2020,14.2,13,0.258333333,NaN,NaN,NaN,Carnivoro,0,0,INCOMPLETO,,,,,,
T5-ChA-IFOP(07-11-2020),Chañaral de Aceituno,Norte Centro,AMERB,5,-29.071608,Spring,2020,14.2,13,0.258333333,NaN,NaN,NaN,Herbivoro,0,0,INCOMPLETO,,,,,,
T10-ChA-IFOP(07-11-2020),Chañaral de Aceituno,Norte Centro,AMERB,10,-29.071608,Spring,2020,16,13,0.220266667,NaN,NaN,NaN,Carnivoro,0,0,INCOMPLETO,,,,,,
T10-ChA-IFOP(07-11-2020),Chañaral de Aceituno,Norte Centro,AMERB,10,-29.071608,Spring,2020,16,13,0.220266667,NaN,NaN,NaN,Herbivoro,0,0,INCOMPLETO,,,,,,
GOPR9514,Cobquecura,Sur Centro,AMERB,2,-28.553365,summer,2020,12.6,14,0.401666667,NaN,NaN,NaN,Carnivoro,0,0,INCOMPLETO,,,,,,
GOPR9514,Cobquecura,Sur Centro,AMERB,2,-28.553365,summer,2020,12.6,14,0.401666667,NaN,NaN,NaN,Herbivoro,0,0,INCOMPLETO,,,,,,
GOPR9515,Cobquecura,Sur Centro,AMERB,1,-28.553365,summer,2020,7.2,14,0.8825,Cheilodactylidae,Cheilodactylus variegatus,Movile invertivore,Carnivoro,0.566572238,0.16283721,INCOMPLETO,,,,,,
GOPR9515,Cobquecura,Sur Centro,AMERB,1,-28.553365,summer,2020,7.2,14,0.8825,NaN,NaN,NaN,Herbivoro,0,0,INCOMPLETO,,,,,,
GOPR19486,Punta el Yeso,Norte,AMERB,1,-23.411305,summer,2020,15,15,0.921666667,Cheilodactylidae,Cheilodactylus variegatus,Movile invertivore,Carnivoro,0.542495479,0.155917364,INCOMPLETO,,,,,,
GOPR19486,Punta el Yeso,Norte,AMERB,1,-23.411305,summer,2020,15,15,0.921666667,Cheilodactylidae,Cheilodactylus variegatus,Movile invertivore,Carnivoro,5.967450271,1.715091007,INCOMPLETO,,,,,,
GOPR19486,Punta el Yeso,Norte,AMERB,1,-23.411305,summer,2020,15,15,0.921666667,Cheilodactylidae,Cheilodactylus variegatus,Movile invertivore,Carnivoro,0.542495479,0.155917364,INCOMPLETO,,,,,,
GOPR19486,Punta el Yeso,Norte,AMERB,1,-23.411305,summer,2020,15,15,0.921666667,Cheilodactylidae,Cheilodactylus variegatus,Movile invertivore,Carnivoro,1.084990958,0.311834729,INCOMPLETO,,,,,,
GOPR19486,Punta el Yeso,Norte,AMERB,1,-23.411305,summer,2020,15,15,0.921666667,Cheilodactylidae,Cheilodactylus variegatus,Movile invertivore,Carnivoro,2.169981917,0.623669457,INCOMPLETO,,,,,,
GOPR19486,Punta el Yeso,Norte,AMERB,1,-23.411305,summer,2020,15,15,0.921666667,Cheilodactylidae,Cheilodactylus variegatus,Movile invertivore,Carnivoro,2.169981917,0.623669457,INCOMPLETO,,,,,,
GOPR19486,Punta el Yeso,Norte,AMERB,1,-23.411305,summer,2020,15,15,0.921666667,Cheilodactylidae,Cheilodactylus variegatus,Movile invertivore,Carnivoro,1.627486438,0.467752093,INCOMPLETO,,,,,,
GOPR19486,Punta el Yeso,Norte,AMERB,1,-23.411305,summer,2020,15,15,0.921666667,Cheilodactylidae,Cheilodactylus variegatus,Movile invertivore,Carnivoro,1.084990958,0.311834729,INCOMPLETO,,,,,,
GOPR19486,Punta el Yeso,Norte,AMERB,1,-23.411305,summer,2020,15,15,0.921666667,Cheilodactylidae,Cheilodactylus variegatus,Movile invertivore,Carnivoro,0.542495479,0.155917364,INCOMPLETO,,,,,,
GOPR19486,Punta el Yeso,Norte,AMERB,1,-23.411305,summer,2020,15,15,0.921666667,Cheilodactylidae,Cheilodactylus variegatus,Movile invertivore,Carnivoro,0.542495479,0.155917364,INCOMPLETO,,,,,,
GOPR19486,Punta el Yeso,Norte,AMERB,1,-23.411305,summer,2020,15,15,0.921666667,Cheilodactylidae,Cheilodactylus variegatus,Movile invertivore,Carnivoro,1.084990958,0.311834729,INCOMPLETO,,,,,,
GOPR19486,Punta el Yeso,Norte,AMERB,1,-23.411305,summer,2020,15,15,0.921666667,NaN,NaN,NaN,Herbivoro,0,0,INCOMPLETO,,,,,,
GH010123,Punta el Yeso,Norte,AMERB,2,-23.411305,fall ,2021,11.2,15,0.859166667,Blenidae,Scartichthys gigas ,Herbivore and Detritivore,Herbivoro,0.581959263,0.002525311,COMPLETO,,,,,,
GH010123,Punta el Yeso,Norte,AMERB,2,-23.411305,fall ,2021,11.2,15,0.859166667,Cheilodactylidae,Cheilodactylus variegatus,Movile invertivore,Carnivoro,0.581959263,0.206575308,COMPLETO,,,,,,
GH010123,Punta el Yeso,Norte,AMERB,2,-23.411305,fall ,2021,11.2,15,0.859166667,Blenidae,Scartichthys gigas ,Herbivore and Detritivore,Herbivoro,0.581959263,0.002525311,COMPLETO,,,,,,
GH010123,Punta el Yeso,Norte,AMERB,2,-23.411305,fall ,2021,11.2,15,0.859166667,Cheilodactylidae,Cheilodactylus variegatus,Movile invertivore,Carnivoro,0.581959263,0.206575308,COMPLETO,,,,,,
GH019867,Quintay,Central,AMERB,1,-33.187052,Spring,2021,14.3,13,0.397166667,Blenidae,Scartichthys viridis,Herbivore and Detritivore,Herbivoro,5.035669324,0.122026404,COMPLETO,,,,,,
GH019867,Quintay,Central,AMERB,1,-33.187052,Spring,2021,14.3,13,0.397166667,NaN,NaN,NaN,Carnivoro,0,0,COMPLETO,,,,,,
GH020199,Quintay,Central,AMERB,5,-33.187052,Spring,2021,18.5,13,0.694433333,NaN,NaN,NaN,Carnivoro,0,0,COMPLETO,,,,,,
GH020199,Quintay,Central,AMERB,5,-33.187052,Spring,2021,18.5,13,0.694433333,NaN,NaN,NaN,Herbivoro,0,0,COMPLETO,,,,,,
GH020200,Quintay,Central,AMERB,7,-33.187052,Spring,2021,19,13,0.634333333,Blenidae,Scartichthys viridis,Herbivore and Detritivore,Herbivoro,4.729374672,0.061983701,COMPLETO,,,,,,
GH020200,Quintay,Central,AMERB,7,-33.187052,Spring,2021,19,13,0.634333333,Blenidae,Scartichthys viridis,Herbivore and Detritivore,Herbivoro,3.152916448,0.041322467,COMPLETO,,,,,,
GH020200,Quintay,Central,AMERB,7,-33.187052,Spring,2021,18,13,0.634333333,NaN,NaN,NaN,Carnivoro,0,0,COMPLETO,,,,,,
GH019868,Quintay,Central,AMERB,2,-33.187052,Spring,2021,19.5,15,0.4875,Pomacentridae,Chromis crusma,Planktivore,Planctivoro,1.025641026,0.03206985,COMPLETO,,,,,,
GH019868,Quintay,Central,AMERB,2,-33.187052,Spring,2021,19.5,15,0.4875,Pomacentridae,Chromis crusma,Planktivore,Planctivoro,1.025641026,0.03206985,COMPLETO,,,,,,
GH019868,Quintay,Central,AMERB,2,-33.187052,Spring,2021,19.5,15,0.4875,NaN,NaN,NaN,Carnivoro,0,0,COMPLETO,,,,,,
GH019868,Quintay,Central,AMERB,2,-33.187052,Spring,2021,19.5,15,0.4875,NaN,NaN,NaN,Herbivoro,0,0,COMPLETO,,,,,,
GH019870,Quintay,Central,AMERB,4,-33.187052,Spring,2021,19.9,17,0.363,NaN,NaN,NaN,Carnivoro,0,0,COMPLETO,,,,,,
GH019870,Quintay,Central,AMERB,4,-33.187052,Spring,2021,19.9,17,0.363,NaN,NaN,NaN,Herbivoro,0,0,COMPLETO,,,,,,
GH029871,Quintay,Central,AMERB,3,-33.187052,Spring,2021,10,,0.2725,Blenidae,Scartichthys viridis,Herbivore and Detritivore,Herbivoro,1.834862385,0.018974985,COMPLETO,,,,,,
GH029871,Quintay,Central,AMERB,3,-33.187052,Spring,2021,10,,0.2725,NaN,NaN,NaN,Carnivoro,0,0,COMPLETO,,,,,,
GH010201,Quintay,Central,AMERB,6,-33.187052,Spring,2021,13.9,16,0.162666667,NaN,NaN,NaN,Carnivoro,0,0,COMPLETO,,,,,,
GH010201,Quintay,Central,AMERB,6,-33.187052,Spring,2021,13.9,16,0.162666667,Blenidae,Scartichthys viridis,Herbivore and Detritivore,Herbivoro,3.073770492,0.009572365,COMPLETO,,,,,,
GH010201,Quintay,Central,AMERB,6,-33.187052,Spring,2021,13.9,16,0.162666667,Blenidae,Scartichthys viridis,Herbivore and Detritivore,Herbivoro,18.44262295,0.111179354,COMPLETO,,,,,,
GH010212,Las Cruces,Central,AMERB,1,-33.495009,Spring,2021,NaN,NaN,0.485833333,NaN,NaN,NaN,Carnivoro,0,0,COMPLETO,,,,,,
GH010212,Las Cruces,Central,AMERB,1,-33.495009,Spring,2021,NaN,NaN,0.485833333,NaN,NaN,NaN,Herbivoro,0,0,COMPLETO,,,,,,
GH029925,Las Cruces,Central,AMCP,1,-33.495009,Spring,2022,NaN,NaN,0.400833333,Blenidae,Scartichthys viridis,Herbivore and Detritivore,Herbivoro,4.98960499,0.030079293,COMPLETO,,,,,,
GH029925,Las Cruces,Central,AMCP,1,-33.495009,Spring,2022,NaN,NaN,0.400833333,Blenidae,Scartichthys viridis,Herbivore and Detritivore,Herbivoro,9.979209979,0.130788616,COMPLETO,,,,,,
GH029925,Las Cruces,Central,AMCP,1,-33.495009,Spring,2022,NaN,NaN,0.400833333,Blenidae,Scartichthys viridis,Herbivore and Detritivore,Herbivoro,2.494802495,0.015039647,COMPLETO,,,,,,
GH029925,Las Cruces,Central,AMCP,1,-33.495009,Spring,2022,NaN,NaN,0.400833333,Blenidae,Scartichthys viridis,Herbivore and Detritivore,Herbivoro,1.247401247,0.012899834,COMPLETO,,,,,,
GH029925,Las Cruces,Central,AMCP,1,-33.495009,Spring,2022,NaN,NaN,0.400833333,Blenidae,Scartichthys viridis,Herbivore and Detritivore,Herbivoro,2.494802495,0.015039647,COMPLETO,,,,,,
GH029925,Las Cruces,Central,AMCP,1,-33.495009,Spring,2022,NaN,NaN,0.400833333,Cheilodactylidae,Cheilodactylus variegatus,Movile invertivore,Carnivoro,1.247401247,1.067835938,COMPLETO,,,,,,
GH029925,Las Cruces,Central,AMCP,1,-33.495009,Spring,2022,NaN,NaN,0.400833333,Blenidae,Scartichthys viridis,Herbivore and Detritivore,Herbivoro,1.247401247,0.007519823,COMPLETO,,,,,,
GH019679,Chañaral de Aceituno,Norte Centro,ALA,1,-29.071608,Spring,2021,9.2,18,0.1905,Aplodactylidae ,Aplodactylus punctatus,Herbivore and Detritivore,Herbivoro,5.249343832,0.394116276,COMPLETO,,,,,,
GH019679,Chañaral de Aceituno,Norte Centro,ALA,1,-29.071608,Spring,2021,9.2,18,0.1905,NaN,NaN,NaN,Carnivoro,0,0,COMPLETO,,,,,,
GH010188,Chañaral de Aceituno,Norte Centro,ALA,2,-29.071608,Spring,2021,13.9,14,0.133333333,NaN,NaN,NaN,Carnivoro,0,0,COMPLETO,,,,,,
GH010188,Chañaral de Aceituno,Norte Centro,ALA,2,-29.071608,Spring,2021,13.9,14,0.133333333,NaN,NaN,NaN,Herbivoro,0,0,COMPLETO,,,,,,
GH010193,Chañaral de Aceituno,Norte Centro,AMCP,1,-29.071608,Spring,2021,19.4,12,0.430833333,NaN,NaN,NaN,Carnivoro,0,0,COMPLETO,,,,,,
GH010193,Chañaral de Aceituno,Norte Centro,AMCP,1,-29.071608,Spring,2021,19.4,12,0.430833333,NaN,NaN,NaN,Herbivoro,0,0,COMPLETO,,,,,,
GH019687,Chañaral de Aceituno,Norte Centro,AMCP,2,-29.071608,Spring,2021,,,0.270266667,Blenidae,Scartichthys viridis,Herbivore and Detritivore,Herbivoro,16.650222,0.482781139,COMPLETO,,,,,,
GH019687,Chañaral de Aceituno,Norte Centro,AMCP,2,-29.071608,Spring,2021,,,0.270266667,Blenidae,Scartichthys viridis,Herbivore and Detritivore,Herbivoro,1.850024667,0.044830556,COMPLETO,,,,,,
GH019687,Chañaral de Aceituno,Norte Centro,AMCP,2,-29.071608,Spring,2021,,,0.270266667,Blenidae,Scartichthys viridis,Herbivore and Detritivore,Herbivoro,5.550074001,0.11110417,COMPLETO,,,,,,
GH019687,Chañaral de Aceituno,Norte Centro,AMCP,2,-29.071608,Spring,2021,,,0.270266667,Blenidae,Scartichthys viridis,Herbivore and Detritivore,Herbivoro,11.100148,0.114790703,COMPLETO,,,,,,
GH019687,Chañaral de Aceituno,Norte Centro,AMCP,2,-29.071608,Spring,2021,,,0.270266667,Blenidae,Scartichthys viridis,Herbivore and Detritivore,Herbivoro,1.850024667,0.063530986,COMPLETO,,,,,,
GH019687,Chañaral de Aceituno,Norte Centro,AMCP,2,-29.071608,Spring,2021,,,0.270266667,Blenidae,Scartichthys viridis,Herbivore and Detritivore,Herbivoro,1.850024667,0.044830556,COMPLETO,,,,,,
GH019687,Chañaral de Aceituno,Norte Centro,AMCP,2,-29.071608,Spring,2021,,,0.270266667,Blenidae,Scartichthys viridis,Herbivore and Detritivore,Herbivoro,1.850024667,0.053642349,COMPLETO,,,,,,
GH019687,Chañaral de Aceituno,Norte Centro,AMCP,2,-29.071608,Spring,2021,,,0.270266667,Blenidae,Scartichthys viridis,Herbivore and Detritivore,Herbivoro,3.700049334,0.060387626,COMPLETO,,,,,,
GH019687,Chañaral de Aceituno,Norte Centro,AMCP,2,-29.071608,Spring,2021,,,0.270266667,Blenidae,Scartichthys viridis,Herbivore and Detritivore,Herbivoro,3.700049334,0.038263568,COMPLETO,,,,,,
GH019687,Chañaral de Aceituno,Norte Centro,AMCP,2,-29.071608,Spring,2021,,,0.270266667,Blenidae,Scartichthys viridis,Herbivore and Detritivore,Herbivoro,1.850024667,0.044830556,COMPLETO,,,,,,
GH019687,Chañaral de Aceituno,Norte Centro,AMCP,2,-29.071608,Spring,2021,,,0.270266667,Blenidae,Scartichthys viridis,Herbivore and Detritivore,Herbivoro,1.850024667,0.044830556,COMPLETO,,,,,,
GH019687,Chañaral de Aceituno,Norte Centro,AMCP,2,-29.071608,Spring,2021,,,0.270266667,Blenidae,Scartichthys viridis,Herbivore and Detritivore,Herbivoro,7.400098668,0.120775253,COMPLETO,,,,,,
GH019687,Chañaral de Aceituno,Norte Centro,AMCP,2,-29.071608,Spring,2021,,,0.270266667,Blenidae,Scartichthys viridis,Herbivore and Detritivore,Herbivoro,3.700049334,0.089661112,COMPLETO,,,,,,
GH019687,Chañaral de Aceituno,Norte Centro,AMCP,2,-29.071608,Spring,2021,,,0.270266667,Blenidae,Scartichthys viridis,Herbivore and Detritivore,Herbivoro,1.850024667,0.044830556,COMPLETO,,,,,,
GH019687,Chañaral de Aceituno,Norte Centro,AMCP,2,-29.071608,Spring,2021,,,0.270266667,Blenidae,Scartichthys viridis,Herbivore and Detritivore,Herbivoro,9.250123335,0.055763366,COMPLETO,,,,,,
GH019687,Chañaral de Aceituno,Norte Centro,AMCP,2,-29.071608,Spring,2021,,,0.270266667,Blenidae,Scartichthys viridis,Herbivore and Detritivore,Herbivoro,12.95017267,0.375496442,COMPLETO,,,,,,
GH019687,Chañaral de Aceituno,Norte Centro,AMCP,2,-29.071608,Spring,2021,,,0.270266667,Blenidae,Scartichthys viridis,Herbivore and Detritivore,Herbivoro,1.850024667,0.053642349,COMPLETO,,,,,,
GH019687,Chañaral de Aceituno,Norte Centro,AMCP,2,-29.071608,Spring,2021,,,0.270266667,Blenidae,Scartichthys viridis,Herbivore and Detritivore,Herbivoro,5.550074001,0.09058144,COMPLETO,,,,,,
GH019687,Chañaral de Aceituno,Norte Centro,AMCP,2,-29.071608,Spring,2021,,,0.270266667,Blenidae,Scartichthys viridis,Herbivore and Detritivore,Herbivoro,1.850024667,0.030193813,COMPLETO,,,,,,
GH019687,Chañaral de Aceituno,Norte Centro,AMCP,2,-29.071608,Spring,2021,,,0.270266667,Blenidae,Scartichthys viridis,Herbivore and Detritivore,Herbivoro,9.250123335,0.055763366,COMPLETO,,,,,,
GH019687,Chañaral de Aceituno,Norte Centro,AMCP,2,-29.071608,Spring,2021,,,0.270266667,Blenidae,Scartichthys viridis,Herbivore and Detritivore,Herbivoro,3.700049334,0.089661112,COMPLETO,,,,,,
GH019687,Chañaral de Aceituno,Norte Centro,AMCP,2,-29.071608,Spring,2021,,,0.270266667,NaN,NaN,NaN,Carnivoro,0,0,COMPLETO,,,,,,
GH019643,Chañaral de Aceituno,Norte Centro,AMCP,3,-29.071608,Spring,2021,10.8,16,0.459166667,NaN,NaN,NaN,Carnivoro,0,0,COMPLETO,,,,,,
GH019643,Chañaral de Aceituno,Norte Centro,AMCP,3,-29.071608,Spring,2021,10.8,16,0.459166667,NaN,NaN,NaN,Herbivoro,0,0,COMPLETO,,,,,,
GH019644,Chañaral de Aceituno,Norte Centro,AMCP,4,-29.071608,Spring,2021,9.7,14,0.3275,NaN,NaN,NaN,Carnivoro,0,0,COMPLETO,,,,,,
GH019644,Chañaral de Aceituno,Norte Centro,AMCP,4,-29.071608,Spring,2021,9.7,14,0.3275,NaN,NaN,NaN,Herbivoro,0,0,COMPLETO,,,,,,
GOPR9700,Cobquecura,Sur Centro,AMERB,2,-28.553365,Spring,2022,18.1,18,0.560833333,NaN,NaN,NaN,Carnivoro,0,0,COMPLETO,,,,,,
GOPR9700,Cobquecura,Sur Centro,AMERB,2,-28.553365,Spring,2022,18.1,18,0.560833333,NaN,NaN,NaN,Herbivoro,0,0,COMPLETO,,,,,,
GOPR9706,Cobquecura,Sur Centro,AMERB,5,-28.553365,Spring,2022,11.2,15,0.479166667,NaN,NaN,NaN,Carnivoro,0,0,COMPLETO,,,,,,
GOPR9706,Cobquecura,Sur Centro,AMERB,5,-28.553365,Spring,2022,11.2,15,0.479166667,NaN,NaN,NaN,Herbivoro,0,0,COMPLETO,,,,,,
GOPR9703,Cobquecura,Sur Centro,AMERB,7,-28.553365,Spring,2022,11.4,15,1.001666667,Blenidae,Scartichthys viridis,Herbivore and Detritivore,Herbivoro,0.499168053,0.014473616,COMPLETO,,,,,,
GOPR9703,Cobquecura,Sur Centro,AMERB,7,-28.553365,Spring,2022,11.4,15,1.001666667,NaN,NaN,NaN,Carnivoro,0,0,COMPLETO,,,,,,
GH020003,Carrizal Bajo,Norte Centro,AMERB,1,-28.069027,Spring,2021,14.4,14,0.604445,Blenidae,Scartichthys viridis,Herbivore and Detritivore,Herbivoro,4.13602561,0.036804375,INCOMPLETO,,,,,,
GH020003,Carrizal Bajo,Norte Centro,AMERB,1,-28.069027,Spring,2021,14.4,14,0.604445,NaN,NaN,NaN,Carnivoro,0,0,INCOMPLETO,,,,,,
GH020003,Carrizal Bajo,Norte Centro,AMERB,1,-28.069027,Spring,2021,14.4,14,0.604445,Blenidae,Scartichthys viridis,Herbivore and Detritivore,Herbivoro,1.654410244,0.069400168,INCOMPLETO,,,,,,
GH010004,Carrizal Bajo,Norte Centro,AMERB,5,-28.069027,Spring,2021,14.9,14.5,0.723333333,Blenidae,Scartichthys viridis,Herbivore and Detritivore,Herbivoro,0.69124424,0.035603954,INCOMPLETO,,,,,,
GH010004,Carrizal Bajo,Norte Centro,AMERB,5,-28.069027,Spring,2021,14.9,14.5,0.723333333,Blenidae,Scartichthys viridis,Herbivore and Detritivore,Herbivoro,0.69124424,0.015918598,INCOMPLETO,,,,,,
GH010004,Carrizal Bajo,Norte Centro,AMERB,5,-28.069027,Spring,2021,14.9,14.5,0.723333333,Blenidae,Scartichthys viridis,Herbivore and Detritivore,Herbivoro,0.69124424,0.015918598,INCOMPLETO,,,,,,
GH010004,Carrizal Bajo,Norte Centro,AMERB,5,-28.069027,Spring,2021,14.9,14.5,0.723333333,NaN,NaN,NaN,Carnivoro,0,0,INCOMPLETO,,,,,,
GH010004,Carrizal Bajo,Norte Centro,AMERB,5,-28.069027,Spring,2021,14.9,14.5,0.723333333,Blenidae,Scartichthys viridis,Herbivore and Detritivore,Herbivoro,0.69124424,0.012539492,INCOMPLETO,,,,,,
GH010007,Carrizal Bajo,Norte Centro,AMERB,9,-28.069027,Spring,2021,12.2,13.1,0.309445,NaN,NaN,NaN,Herbivoro,0,0,INCOMPLETO,,,,,,
GH010007,Carrizal Bajo,Norte Centro,AMERB,9,-28.069027,Spring,2021,12.2,13.1,0.309445,NaN,NaN,NaN,Carnivoro,0,0,INCOMPLETO,,,,,,
GOPR0006,Carrizal Bajo,Norte Centro,AMERB,10,-28.069027,Spring,2021,9.4,10.6,0.683416667,Blenidae,Scartichthys viridis,Herbivore and Detritivore,Herbivoro,2.194854286,0.037717097,INCOMPLETO,,,,,,
GOPR0006,Carrizal Bajo,Norte Centro,AMERB,10,-28.069027,Spring,2021,9.4,10.6,0.683416667,Cheilodactylidae,Cheilodactylus variegatus,Movile invertivore,Carnivoro,0.731618095,0.777825745,INCOMPLETO,,,,,,
GOPR9432,Los Vilos,Central,AMERB,1,-31.9124,Spring,2020,10.8,12,0.637223333,Blenidae,Scartichthys viridis,Herbivore and Detritivore,Herbivoro,4.707925531,0.024980697,INCOMPLETO,,,,,,
GOPR9432,Los Vilos,Central,AMERB,1,-31.9124,Spring,2020,10.8,12,0.637223333,NaN,NaN,NaN,Herbivoro,0,0,INCOMPLETO,,,,,,
GOPR9432,Los Vilos,Central,AMERB,1,-31.9124,Spring,2020,10.8,12,0.637223333,NaN,NaN,NaN,Carnivoro,0,0,INCOMPLETO,,,,,,
GOPR9434,Los Vilos,Central,AMERB,2,-31.9124,Spring,2020,,,0.440833333,NaN,NaN,NaN,Carnivoro,0,0,INCOMPLETO,,,,,,
GOPR9434,Los Vilos,Central,AMERB,2,-31.9124,Spring,2020,,,0.440833333,NaN,NaN,NaN,Herbivoro,0,0,INCOMPLETO,,,,,,
GP019429,Los Vilos,Central,AMERB,3,-31.9124,Spring,2020,10.1,12,0.584445,Sebastidae ,Sebastes oculatus ,General Carnivore ,Carnivoro,0.855512495,0.501001444,INCOMPLETO,,,,,,
GP019429,Los Vilos,Central,AMERB,3,-31.9124,Spring,2020,10.1,12,0.584445,Blenidae,Scartichthys viridis,Herbivore and Detritivore,Herbivoro,1.71102499,0.131528306,INCOMPLETO,,,,,,
GP019429,Los Vilos,Central,AMERB,3,-31.9124,Spring,2020,10.1,12,0.584445,Blenidae,Scartichthys viridis,Herbivore and Detritivore,Herbivoro,0.855512495,0.029796256,INCOMPLETO,,,,,,
GOPR9431,Los Vilos,Central,AMERB,4,-31.9124,Spring,2020,14.5,15.1,0.284666667,Blenidae,Scartichthys viridis,Herbivore and Detritivore,Herbivoro,1.756440281,0.071627088,INCOMPLETO,,,,,,
GOPR9431,Los Vilos,Central,AMERB,4,-31.9124,Spring,2020,14.5,15.1,0.284666667,NaN,NaN,NaN,Carnivoro,0,0,INCOMPLETO,,,,,,
GOPR9430,Los Vilos,Central,AMERB,5,-31.9124,Spring,2020,18.2,14,0.827778333,Blenidae,Scartichthys viridis,Herbivore and Detritivore,Herbivoro,1.812079321,0.015635976,INCOMPLETO,,,,,,
GOPR9430,Los Vilos,Central,AMERB,5,-31.9124,Spring,2020,18.2,14,0.827778333,Blenidae,Scartichthys viridis,Herbivore and Detritivore,Herbivoro,3.020132201,0.015307996,INCOMPLETO,,,,,,
GOPR9430,Los Vilos,Central,AMERB,5,-31.9124,Spring,2020,18.2,14,0.827778333,Blenidae,Scartichthys viridis,Herbivore and Detritivore,Herbivoro,0.60402644,0.004564133,INCOMPLETO,,,,,,
GOPR9430,Los Vilos,Central,AMERB,5,-31.9124,Spring,2020,18.2,14,0.827778333,NaN,NaN,NaN,Carnivoro,0,0,INCOMPLETO,,,,,,
GOPR9430,Los Vilos,Central,AMERB,5,-31.9124,Spring,2020,18.2,14,0.827778333,Blenidae,Scartichthys viridis,Herbivore and Detritivore,Herbivoro,1.812079321,0.010534137,INCOMPLETO,,,,,,
GH010119,Las Cruces,Central,AMERB,2,-33.495009,Spring,2021,,,0.107833333,Blenidae,Scartichthys viridis,Herbivore and Detritivore,Herbivoro,4.636785162,0.060770213,COMPLETO,,,,,,
GH010119,Las Cruces,Central,AMERB,2,-33.495009,Spring,2021,,,0.107833333,Blenidae,Scartichthys viridis,Herbivore and Detritivore,Herbivoro,55.64142195,0.073948161,COMPLETO,,,,,,
GH010119,Las Cruces,Central,AMERB,2,-33.495009,Spring,2021,,,0.107833333,NaN,NaN,NaN,Carnivoro,0,0,COMPLETO,,,,,,
GH010119,Las Cruces,Central,AMERB,2,-33.495009,Spring,2021,,,0.107833333,Blenidae,Scartichthys viridis,Herbivore and Detritivore,Herbivoro,55.64142195,1.348325749,COMPLETO,,,,,,
GH019767B,Pisagua,Norte,AMERB,1,-19.56843,Spring,2022,15.3,17,0.309666667,Cheilodactylidae,Cheilodactylus variegatus,Movile invertivore,Carnivoro,8.073196986,1.6403509,COMPLETO,,,,,,
GH019767B,Pisagua,Norte,AMERB,1,-19.56843,Spring,2022,15.3,17,0.309666667,Cheilodactylidae,Cheilodactylus variegatus,Movile invertivore,Carnivoro,1.614639397,0.32807018,COMPLETO,,,,,,
GH019767B,Pisagua,Norte,AMERB,1,-19.56843,Spring,2022,15.3,17,0.309666667,Cheilodactylidae,Cheilodactylus variegatus,Movile invertivore,Carnivoro,1.614639397,0.573140858,COMPLETO,,,,,,
GH019767B,Pisagua,Norte,AMERB,1,-19.56843,Spring,2022,15.3,17,0.309666667,Cheilodactylidae,Cheilodactylus variegatus,Movile invertivore,Carnivoro,8.073196986,2.865704292,COMPLETO,,,,,,
GH019767B,Pisagua,Norte,AMERB,1,-19.56843,Spring,2022,15.3,17,0.309666667,NaN,NaN,NaN,Herbivoro,0,0,COMPLETO,,,,,,
GH019767B,Pisagua,Norte,AMERB,1,-19.56843,Spring,2022,15.3,17,0.309666667,Cheilodactylidae,Cheilodactylus variegatus,Movile invertivore,Carnivoro,4.843918192,0.98421054,COMPLETO,,,,,,
GH019766,Pisagua,Norte,AMERB,2,-19.56843,Spring,2022,15,17,0.762166667,Cheilodactylidae,Cheilodactylus variegatus,Movile invertivore,Carnivoro,1.968073475,0.399882612,COMPLETO,,,,,,
GH019766,Pisagua,Norte,AMERB,2,-19.56843,Spring,2022,15,17,0.762166667,Blenidae,Scartichthys gigas ,Herbivore and Detritivore,Herbivoro,0.656024492,0.012334442,COMPLETO,,,,,,
GH019766,Pisagua,Norte,AMERB,2,-19.56843,Spring,2022,15,17,0.762166667,Cheilodactylidae,Cheilodactylus variegatus,Movile invertivore,Carnivoro,1.968073475,1.11965522,COMPLETO,,,,,,
GH019766,Pisagua,Norte,AMERB,2,-19.56843,Spring,2022,15,17,0.762166667,Cheilodactylidae,Cheilodactylus variegatus,Movile invertivore,Carnivoro,1.312048983,0.46573178,COMPLETO,,,,,,
GH019766,Pisagua,Norte,AMERB,2,-19.56843,Spring,2022,15,17,0.762166667,Cheilodactylidae,Cheilodactylus variegatus,Movile invertivore,Carnivoro,1.312048983,0.134677988,COMPLETO,,,,,,
GH019766,Pisagua,Norte,AMERB,2,-19.56843,Spring,2022,15,17,0.762166667,Blenidae,Scartichthys gigas ,Herbivore and Detritivore,Herbivoro,9.184342882,0.172682194,COMPLETO,,,,,,
GH019766,Pisagua,Norte,AMERB,2,-19.56843,Spring,2022,15,17,0.762166667,Cheilodactylidae,Cheilodactylus variegatus,Movile invertivore,Carnivoro,1.312048983,0.46573178,COMPLETO,,,,,,
GH019766,Pisagua,Norte,AMERB,2,-19.56843,Spring,2022,15,17,0.762166667,Cheilodactylidae,Cheilodactylus variegatus,Movile invertivore,Carnivoro,7.216269407,2.56152479,COMPLETO,,,,,,
GH010046,Pisagua,Norte,AMERB,7,-19.56843,Spring,2022,12.8,15,1.045333333,Cheilodactylidae,Cheilodactylus variegatus,Movile invertivore,Carnivoro,0.478316327,0.169785669,COMPLETO,,,,,,
GH010046,Pisagua,Norte,AMERB,7,-19.56843,Spring,2022,12.8,15,1.045333333,NaN,NaN,NaN,Herbivoro,0,0,COMPLETO,,,,,,
GH010046,Pisagua,Norte,AMERB,7,-19.56843,Spring,2022,12.8,15,1.045333333,Cheilodactylidae,Cheilodactylus variegatus,Movile invertivore,Carnivoro,1.43494898,0.197171731,COMPLETO,,,,,,
GH010049,Punta Arenas,Norte,AMERB,1,-21.6323,spring,2022,11.5,,0.646166667,Pomacentridae,Chromis crusma,Planktivore,Planctivoro,0.773794171,0.085854236,COMPLETO,,,,,,
GH010049,Punta Arenas,Norte,AMERB,1,-21.6323,spring,2022,11.5,,0.646166667,Cheilodactylidae,Cheilodactylus variegatus,Movile invertivore,Carnivoro,0.773794171,0.157223212,COMPLETO,,,,,,
GH010049,Punta Arenas,Norte,AMERB,1,-21.6323,spring,2022,11.5,,0.646166667,Cheilodactylidae,Cheilodactylus variegatus,Movile invertivore,Carnivoro,0.773794171,0.092217062,COMPLETO,,,,,,
GH010049,Punta Arenas,Norte,AMERB,1,-21.6323,spring,2022,11.5,,0.646166667,Cheilodactylidae,Cheilodactylus variegatus,Movile invertivore,Carnivoro,3.868970854,0.397138536,COMPLETO,,,,,,
GH010049,Punta Arenas,Norte,AMERB,1,-21.6323,spring,2022,11.5,,0.646166667,Pomacentridae,Chromis crusma,Planktivore,Planctivoro,0.773794171,0.036850369,COMPLETO,,,,,,
GH010049,Punta Arenas,Norte,AMERB,1,-21.6323,spring,2022,11.5,,0.646166667,Cheilodactylidae,Cheilodactylus variegatus,Movile invertivore,Carnivoro,0.773794171,0.56618459,COMPLETO,,,,,,
GH010049,Punta Arenas,Norte,AMERB,1,-21.6323,spring,2022,11.5,,0.646166667,Blenidae,Scartichthys gigas ,Herbivore and Detritivore,Herbivoro,0.773794171,0.032709337,COMPLETO,,,,,,
GH010048,Punta Arenas,Norte,AMERB,4,-21.6323,spring,2022,11.7,"12,5 ?",0.768833333,Cheilodactylidae,Cheilodactylus variegatus,Movile invertivore,Carnivoro,2.601344028,1.4799287,COMPLETO,,,,,,
GH010048,Punta Arenas,Norte,AMERB,4,-21.6323,spring,2022,11.7,"12,5 ?",0.768833333,Cheilodactylidae,Cheilodactylus variegatus,Movile invertivore,Carnivoro,7.804032083,4.4397861,COMPLETO,,,,,,
GH010048,Punta Arenas,Norte,AMERB,4,-21.6323,spring,2022,11.7,"12,5 ?",0.768833333,Cheilodactylidae,Cheilodactylus variegatus,Movile invertivore,Carnivoro,0.650336007,0.309019042,COMPLETO,,,,,,
GH010048,Punta Arenas,Norte,AMERB,4,-21.6323,spring,2022,11.7,"12,5 ?",0.768833333,Cheilodactylidae,Cheilodactylus variegatus,Movile invertivore,Carnivoro,1.951008021,0.560734679,COMPLETO,,,,,,
GH010048,Punta Arenas,Norte,AMERB,4,-21.6323,spring,2022,11.7,"12,5 ?",0.768833333,Cheilodactylidae,Cheilodactylus variegatus,Movile invertivore,Carnivoro,0.650336007,0.13213839,COMPLETO,,,,,,
GH010048,Punta Arenas,Norte,AMERB,4,-21.6323,spring,2022,11.7,"12,5 ?",0.768833333,Cheilodactylidae,Cheilodactylus variegatus,Movile invertivore,Carnivoro,0.650336007,0.309019042,COMPLETO,,,,,,
GH010048,Punta Arenas,Norte,AMERB,4,-21.6323,spring,2022,11.7,"12,5 ?",0.768833333,Cheilodactylidae,Cheilodactylus variegatus,Movile invertivore,Carnivoro,4.552352049,1.170587127,COMPLETO,,,,,,
GH010048,Punta Arenas,Norte,AMERB,4,-21.6323,spring,2022,11.7,"12,5 ?",0.768833333,Cheilodactylidae,Cheilodactylus variegatus,Movile invertivore,Carnivoro,1.300672014,0.461693351,COMPLETO,,,,,,
GH010048,Punta Arenas,Norte,AMERB,4,-21.6323,spring,2022,11.7,"12,5 ?",0.768833333,Cheilodactylidae,Cheilodactylus variegatus,Movile invertivore,Carnivoro,0.650336007,0.309019042,COMPLETO,,,,,,
GH010048,Punta Arenas,Norte,AMERB,4,-21.6323,spring,2022,11.7,"12,5 ?",0.768833333,Cheilodactylidae,Cheilodactylus variegatus,Movile invertivore,Carnivoro,1.300672014,0.618038084,COMPLETO,,,,,,
GH010048,Punta Arenas,Norte,AMERB,4,-21.6323,spring,2022,11.7,"12,5 ?",0.768833333,Cheilodactylidae,Cheilodactylus variegatus,Movile invertivore,Carnivoro,0.650336007,0.230846676,COMPLETO,,,,,,
GH010048,Punta Arenas,Norte,AMERB,4,-21.6323,spring,2022,11.7,"12,5 ?",0.768833333,Cheilodactylidae,Cheilodactylus variegatus,Movile invertivore,Carnivoro,0.650336007,0.18691156,COMPLETO,,,,,,
GH010048,Punta Arenas,Norte,AMERB,4,-21.6323,spring,2022,11.7,"12,5 ?",0.768833333,Cheilodactylidae,Cheilodactylus variegatus,Movile invertivore,Carnivoro,0.650336007,0.230846676,COMPLETO,,,,,,
GH010048,Punta Arenas,Norte,AMERB,4,-21.6323,spring,2022,11.7,"12,5 ?",0.768833333,Cheilodactylidae,Cheilodactylus variegatus,Movile invertivore,Carnivoro,2.601344028,0.528553561,COMPLETO,,,,,,
GH010048,Punta Arenas,Norte,AMERB,4,-21.6323,spring,2022,11.7,"12,5 ?",0.768833333,NaN,NaN,NaN,Herbivoro,0,0,COMPLETO,,,,,,
GH010048,Punta Arenas,Norte,AMERB,4,-21.6323,spring,2022,11.7,"12,5 ?",0.768833333,Cheilodactylidae,Cheilodactylus variegatus,Movile invertivore,Carnivoro,0.650336007,0.230846676,COMPLETO,,,,,,
GH019815,Punta Arenas,Norte,AMERB,5,-21.6323,spring,2022,13.5,13.9,0.340333333,Cheilodactylidae,Cheilodactylus variegatus,Movile invertivore,Carnivoro,1.469147894,0.42224438,COMPLETO,,,,,,
GH019815,Punta Arenas,Norte,AMERB,5,-21.6323,spring,2022,13.5,13.9,0.340333333,Cheilodactylidae,Cheilodactylus variegatus,Movile invertivore,Carnivoro,1.469147894,0.231285007,COMPLETO,,,,,,
GH019815,Punta Arenas,Norte,AMERB,5,-21.6323,spring,2022,13.5,13.9,0.340333333,Cheilodactylidae,Cheilodactylus variegatus,Movile invertivore,Carnivoro,1.469147894,0.336572592,COMPLETO,,,,,,
GH019815,Punta Arenas,Norte,AMERB,5,-21.6323,spring,2022,13.5,13.9,0.340333333,Cheilodactylidae,Cheilodactylus variegatus,Movile invertivore,Carnivoro,1.469147894,0.298508518,COMPLETO,,,,,,
GH019815,Punta Arenas,Norte,AMERB,5,-21.6323,spring,2022,13.5,13.9,0.340333333,Cheilodactylidae,Cheilodactylus variegatus,Movile invertivore,Carnivoro,1.469147894,0.470108578,COMPLETO,,,,,,
GH019815,Punta Arenas,Norte,AMERB,5,-21.6323,spring,2022,13.5,13.9,0.340333333,NaN,NaN,NaN,Herbivoro,0,0,COMPLETO,,,,,,
GH019815,Punta Arenas,Norte,AMERB,5,-21.6323,spring,2022,13.5,13.9,0.340333333,Cheilodactylidae,Cheilodactylus variegatus,Movile invertivore,Carnivoro,1.469147894,0.576536869,COMPLETO,,,,,,
GH019814,Punta Arenas,Norte,AMERB,7,-21.6323,spring,2022,12.4,13,0.7005,Cheilodactylidae,Cheilodactylus variegatus,Movile invertivore,Carnivoro,2.855103498,0.734158379,COMPLETO,,,,,,
GH019814,Punta Arenas,Norte,AMERB,7,-21.6323,spring,2022,12.4,13,0.7005,NaN,NaN,NaN,Herbivoro,0,0,COMPLETO,,,,,,
GH019814,Punta Arenas,Norte,AMERB,7,-21.6323,spring,2022,12.4,13,0.7005,Cheilodactylidae,Cheilodactylus variegatus,Movile invertivore,Carnivoro,1.427551749,0.617370082,COMPLETO,,,,,,
GH019813,Punta Arenas,Norte,AMERB,8,-21.6323,spring,2022,14.6,14,1.141333333,Cheilodactylidae,Cheilodactylus variegatus,Movile invertivore,Carnivoro,0.876168224,0.251817472,COMPLETO,,,,,,
GH019813,Punta Arenas,Norte,AMERB,8,-21.6323,spring,2022,14.6,14,1.141333333,Girellidae,Girella laevifrons,Omnivore,Omnivore,1.752336449,0.278457931,COMPLETO,,,,,,
GH019813,Punta Arenas,Norte,AMERB,8,-21.6323,spring,2022,14.6,14,1.141333333,Girellidae,Girella laevifrons,Omnivore,Omnivore,0.438084112,0.090930689,COMPLETO,,,,,,
GH019813,Punta Arenas,Norte,AMERB,8,-21.6323,spring,2022,14.6,14,1.141333333,Girellidae,Girella laevifrons,Omnivore,Omnivore,0.438084112,0.10307131,COMPLETO,,,,,,
GH019813,Punta Arenas,Norte,AMERB,8,-21.6323,spring,2022,14.6,14,1.141333333,Cheilodactylidae,Cheilodactylus variegatus,Movile invertivore,Carnivoro,1.314252336,0.377726208,COMPLETO,,,,,,
GH019813,Punta Arenas,Norte,AMERB,8,-21.6323,spring,2022,14.6,14,1.141333333,Cheilodactylidae,Cheilodactylus variegatus,Movile invertivore,Carnivoro,2.190420561,0.62954368,COMPLETO,,,,,,
GH019813,Punta Arenas,Norte,AMERB,8,-21.6323,spring,2022,14.6,14,1.141333333,Girellidae,Girella laevifrons,Omnivore,Omnivore,0.438084112,0.10307131,COMPLETO,,,,,,
GH019813,Punta Arenas,Norte,AMERB,8,-21.6323,spring,2022,14.6,14,1.141333333,Girellidae,Girella laevifrons,Omnivore,Omnivore,0.438084112,0.130541538,COMPLETO,,,,,,
GH019813,Punta Arenas,Norte,AMERB,8,-21.6323,spring,2022,14.6,14,1.141333333,Girellidae,Girella laevifrons,Omnivore,Omnivore,1.752336449,0.412285241,COMPLETO,,,,,,
GH019813,Punta Arenas,Norte,AMERB,8,-21.6323,spring,2022,14.6,14,1.141333333,Girellidae,Girella laevifrons,Omnivore,Omnivore,0.438084112,0.090930689,COMPLETO,,,,,,
GH019813,Punta Arenas,Norte,AMERB,8,-21.6323,spring,2022,14.6,14,1.141333333,Girellidae,Girella laevifrons,Omnivore,Omnivore,1.752336449,0.721579546,COMPLETO,,,,,,
GH019813,Punta Arenas,Norte,AMERB,8,-21.6323,spring,2022,14.6,14,1.141333333,Cheilodactylidae,Cheilodactylus variegatus,Movile invertivore,Carnivoro,0.438084112,0.271667659,COMPLETO,,,,,,
GH019813,Punta Arenas,Norte,AMERB,8,-21.6323,spring,2022,14.6,14,1.141333333,Aplodactylidae ,Aplodactylus punctatus,Herbivore and Detritivore,Herbivoro,1.752336449,0.469962709,COMPLETO,,,,,,
GH019813,Punta Arenas,Norte,AMERB,8,-21.6323,spring,2022,14.6,14,1.141333333,Girellidae,Girella laevifrons,Omnivore,Omnivore,2.190420561,0.997498784,COMPLETO,,,,,,
GH019813,Punta Arenas,Norte,AMERB,8,-21.6323,spring,2022,14.6,14,1.141333333,Girellidae,Girella laevifrons,Omnivore,Omnivore,1.314252336,0.309213931,COMPLETO,,,,,,
GH019813,Punta Arenas,Norte,AMERB,8,-21.6323,spring,2022,14.6,14,1.141333333,Girellidae,Girella laevifrons,Omnivore,Omnivore,0.438084112,0.0797933,COMPLETO,,,,,,
GH019813,Punta Arenas,Norte,AMERB,8,-21.6323,spring,2022,14.6,14,1.141333333,Girellidae,Girella laevifrons,Omnivore,Omnivore,0.438084112,0.10307131,COMPLETO,,,,,,
GH019813,Punta Arenas,Norte,AMERB,8,-21.6323,spring,2022,14.6,14,1.141333333,Girellidae,Girella laevifrons,Omnivore,Omnivore,0.876168224,0.261083077,COMPLETO,,,,,,
GH019813,Punta Arenas,Norte,AMERB,8,-21.6323,spring,2022,14.6,14,1.141333333,Blenidae,Scartichthys gigas ,Herbivore and Detritivore,Herbivoro,0.438084112,0.030252317,COMPLETO,,,,,,
GH019813,Punta Arenas,Norte,AMERB,8,-21.6323,spring,2022,14.6,14,1.141333333,Cheilodactylidae,Cheilodactylus variegatus,Movile invertivore,Carnivoro,0.438084112,0.125908736,COMPLETO,,,,,,
GH019813,Punta Arenas,Norte,AMERB,8,-21.6323,spring,2022,14.6,14,1.141333333,Blenidae,Scartichthys gigas ,Herbivore and Detritivore,Herbivoro,0.438084112,0.030252317,COMPLETO,,,,,,
GH019813,Punta Arenas,Norte,AMERB,8,-21.6323,spring,2022,14.6,14,1.141333333,Cheilodactylidae,Cheilodactylus variegatus,Movile invertivore,Carnivoro,0.876168224,0.225296997,COMPLETO,,,,,,
GH019813,Punta Arenas,Norte,AMERB,8,-21.6323,spring,2022,14.6,14,1.141333333,Cheilodactylidae,Cheilodactylus variegatus,Movile invertivore,Carnivoro,1.314252336,0.337945495,COMPLETO,,,,,,
GH010050,Punta el Yeso,Norte,AMERB,1,-23.411305,spring,2022,"7,8 ?",17,0.397166667,Cheilodactylidae,Cheilodactylus variegatus,Movile invertivore,Carnivoro,1.258917331,0.172983787,COMPLETO,,,,,,
GH010050,Punta el Yeso,Norte,AMERB,1,-23.411305,spring,2022,"7,8 ?",17,0.397166667,Cheilodactylidae,Cheilodactylus variegatus,Movile invertivore,Carnivoro,3.776751993,0.971150126,COMPLETO,,,,,,
GH010050,Punta el Yeso,Norte,AMERB,1,-23.411305,spring,2022,"7,8 ?",17,0.397166667,NaN,NaN,NaN,Herbivoro,0,0,COMPLETO,,,,,,
GH010050,Punta el Yeso,Norte,AMERB,1,-23.411305,spring,2022,"7,8 ?",17,0.397166667,Cheilodactylidae,Cheilodactylus variegatus,Movile invertivore,Carnivoro,1.258917331,0.402837481,COMPLETO,,,,,,
GH019840,Punta el Yeso,Norte,AMERB,2,-23.411305,spring,2022,"10,5 ?",14,0.687833333,Blenidae,Scartichthys gigas ,Herbivore and Detritivore,Herbivoro,2.180760843,0.013505509,COMPLETO,,,,,,
GH019840,Punta el Yeso,Norte,AMERB,2,-23.411305,spring,2022,"10,5 ?",14,0.687833333,Cheilodactylidae,Cheilodactylus variegatus,Movile invertivore,Carnivoro,0.726920281,0.166532889,COMPLETO,,,,,,
GH019840,Punta el Yeso,Norte,AMERB,2,-23.411305,spring,2022,"10,5 ?",14,0.687833333,Cheilodactylidae,Cheilodactylus variegatus,Movile invertivore,Carnivoro,2.180760843,1.240655033,COMPLETO,,,,,,
GH019840,Punta el Yeso,Norte,AMERB,2,-23.411305,spring,2022,"10,5 ?",14,0.687833333,Cheilodactylidae,Cheilodactylus variegatus,Movile invertivore,Carnivoro,2.180760843,1.036228379,COMPLETO,,,,,,
GH019840,Punta el Yeso,Norte,AMERB,2,-23.411305,spring,2022,"10,5 ?",14,0.687833333,Cheilodactylidae,Cheilodactylus variegatus,Movile invertivore,Carnivoro,2.180760843,1.595661004,COMPLETO,,,,,,
GH010051,Punta el Yeso,Norte,AMERB,4,-23.411305,spring,2022,7.7,17,0.595333333,Pomacentridae,Chromis crusma,Planktivore,Planctivoro,0.839865622,0.016069871,COMPLETO,,,,,,
GH010051,Punta el Yeso,Norte,AMERB,4,-23.411305,spring,2022,7.7,17,0.595333333,NaN,NaN,NaN,Herbivoro,0,0,COMPLETO,,,,,,
GH010051,Punta el Yeso,Norte,AMERB,4,-23.411305,spring,2022,7.7,17,0.595333333,Cheilodactylidae,Cheilodactylus variegatus,Movile invertivore,Carnivoro,5.039193729,0.374705188,COMPLETO,,,,,,
GH010051,Punta el Yeso,Norte,AMERB,4,-23.411305,spring,2022,7.7,17,0.595333333,Cheilodactylidae,Cheilodactylus variegatus,Movile invertivore,Carnivoro,0.839865622,0.241383825,COMPLETO,,,,,,
GH010051,Punta el Yeso,Norte,AMERB,4,-23.411305,spring,2022,7.7,17,0.595333333,Cheilodactylidae,Cheilodactylus variegatus,Movile invertivore,Carnivoro,2.519596865,0.724151476,COMPLETO,,,,,,
GH010051,Punta el Yeso,Norte,AMERB,4,-23.411305,spring,2022,7.7,17,0.595333333,Cheilodactylidae,Cheilodactylus variegatus,Movile invertivore,Carnivoro,0.839865622,0.241383825,COMPLETO,,,,,,
GH010051,Punta el Yeso,Norte,AMERB,4,-23.411305,spring,2022,7.7,17,0.595333333,Cheilodactylidae,Cheilodactylus variegatus,Movile invertivore,Carnivoro,0.839865622,0.298123101,COMPLETO,,,,,,
GH010051,Punta el Yeso,Norte,AMERB,4,-23.411305,spring,2022,7.7,17,0.595333333,Cheilodactylidae,Cheilodactylus variegatus,Movile invertivore,Carnivoro,7.558790594,2.683107905,COMPLETO,,,,,,
GH010051,Punta el Yeso,Norte,AMERB,4,-23.411305,spring,2022,7.7,17,0.595333333,Cheilodactylidae,Cheilodactylus variegatus,Movile invertivore,Carnivoro,1.679731243,0.596246201,COMPLETO,,,,,,
GH010051,Punta el Yeso,Norte,AMERB,4,-23.411305,spring,2022,7.7,17,0.595333333,Cheilodactylidae,Cheilodactylus variegatus,Movile invertivore,Carnivoro,2.519596865,0.894369302,COMPLETO,,,,,,
GH010051,Punta el Yeso,Norte,AMERB,4,-23.411305,spring,2022,7.7,17,0.595333333,Cheilodactylidae,Cheilodactylus variegatus,Movile invertivore,Carnivoro,9.238521837,2.956209094,COMPLETO,,,,,,
GH010051,Punta el Yeso,Norte,AMERB,4,-23.411305,spring,2022,7.7,17,0.595333333,Cheilodactylidae,Cheilodactylus variegatus,Movile invertivore,Carnivoro,2.519596865,1.089644367,COMPLETO,,,,,,
GH010051,Punta el Yeso,Norte,AMERB,4,-23.411305,spring,2022,7.7,17,0.595333333,Cheilodactylidae,Cheilodactylus variegatus,Movile invertivore,Carnivoro,3.359462486,1.074985125,COMPLETO,,,,,,
GH010051,Punta el Yeso,Norte,AMERB,4,-23.411305,spring,2022,7.7,17,0.595333333,Cheilodactylidae,Cheilodactylus variegatus,Movile invertivore,Carnivoro,0.839865622,0.363214789,COMPLETO,,,,,,
GH010051,Punta el Yeso,Norte,AMERB,4,-23.411305,spring,2022,7.7,17,0.595333333,Cheilodactylidae,Cheilodactylus variegatus,Movile invertivore,Carnivoro,2.519596865,1.089644367,COMPLETO,,,,,,
GH010051,Punta el Yeso,Norte,AMERB,4,-23.411305,spring,2022,7.7,17,0.595333333,Cheilodactylidae,Cheilodactylus variegatus,Movile invertivore,Carnivoro,2.519596865,0.647886548,COMPLETO,,,,,,
GH010051,Punta el Yeso,Norte,AMERB,4,-23.411305,spring,2022,7.7,17,0.595333333,Cheilodactylidae,Cheilodactylus variegatus,Movile invertivore,Carnivoro,0.839865622,0.241383825,COMPLETO,,,,,,
GH010051,Punta el Yeso,Norte,AMERB,4,-23.411305,spring,2022,7.7,17,0.595333333,Cheilodactylidae,Cheilodactylus variegatus,Movile invertivore,Carnivoro,1.679731243,0.482767651,COMPLETO,,,,,,
GH010051,Punta el Yeso,Norte,AMERB,4,-23.411305,spring,2022,7.7,17,0.595333333,Cheilodactylidae,Cheilodactylus variegatus,Movile invertivore,Carnivoro,3.359462486,1.192492402,COMPLETO,,,,,,
GH010051,Punta el Yeso,Norte,AMERB,4,-23.411305,spring,2022,7.7,17,0.595333333,Cheilodactylidae,Cheilodactylus variegatus,Movile invertivore,Carnivoro,5.039193729,0.600546834,COMPLETO,,,,,,
GH010051,Punta el Yeso,Norte,AMERB,4,-23.411305,spring,2022,7.7,17,0.595333333,Cheilodactylidae,Cheilodactylus variegatus,Movile invertivore,Carnivoro,1.679731243,0.537492562,COMPLETO,,,,,,
GH010051,Punta el Yeso,Norte,AMERB,4,-23.411305,spring,2022,7.7,17,0.595333333,Cheilodactylidae,Cheilodactylus variegatus,Movile invertivore,Carnivoro,1.679731243,0.596246201,COMPLETO,,,,,,
GH010051,Punta el Yeso,Norte,AMERB,4,-23.411305,spring,2022,7.7,17,0.595333333,Cheilodactylidae,Cheilodactylus variegatus,Movile invertivore,Carnivoro,1.679731243,0.38481592,COMPLETO,,,,,,
GH010051,Punta el Yeso,Norte,AMERB,4,-23.411305,spring,2022,7.7,17,0.595333333,Cheilodactylidae,Cheilodactylus variegatus,Movile invertivore,Carnivoro,0.839865622,0.19240796,COMPLETO,,,,,,
GH010051,Punta el Yeso,Norte,AMERB,4,-23.411305,spring,2022,7.7,17,0.595333333,Cheilodactylidae,Cheilodactylus variegatus,Movile invertivore,Carnivoro,3.359462486,1.192492402,COMPLETO,,,,,,
GH010051,Punta el Yeso,Norte,AMERB,4,-23.411305,spring,2022,7.7,17,0.595333333,Cheilodactylidae,Cheilodactylus variegatus,Movile invertivore,Carnivoro,10.91825308,3.875600307,COMPLETO,,,,,,
GH010051,Punta el Yeso,Norte,AMERB,4,-23.411305,spring,2022,7.7,17,0.595333333,Cheilodactylidae,Cheilodactylus variegatus,Movile invertivore,Carnivoro,67.18924972,23.84984804,COMPLETO,,,,,,
GH010052,Carrizal Bajo,Norte Centro,AMERB,1,-28.069027,,2022,,,0.193833333,Cheilodactylidae,Cheilodactylus variegatus,Movile invertivore,Carnivoro,5.159071367,1.831290998,COMPLETO,,,,,,
GH010052,Carrizal Bajo,Norte Centro,AMERB,1,-28.069027,,2022,,,0.193833333,Cheilodactylidae,Cheilodactylus variegatus,Movile invertivore,Carnivoro,2.579535684,0.915645499,COMPLETO,,,,,,
GH010052,Carrizal Bajo,Norte Centro,AMERB,1,-28.069027,,2022,,,0.193833333,NaN,NaN,NaN,Herbivoro,0,0,COMPLETO,,,,,,
GH010053,Carrizal Bajo,Norte Centro,AMERB,3,-28.069027,,2022,14.9,15,0.530333333,NaN,NaN,NaN,Carnivoro,0,0,COMPLETO,,,,,,
GH010053,Carrizal Bajo,Norte Centro,AMERB,3,-28.069027,,2022,14.9,15,0.530333333,NaN,NaN,NaN,Carnivoro,0,0,COMPLETO,,,,,,
GH019845,Carrizal Bajo,Norte Centro,AMERB,7,-28.069027,,2022,16,14,0.256166667,Blenidae,Scartichthys gigas ,Herbivore and Detritivore,Herbivoro,1.951854262,0.045903373,COMPLETO,,,,,,
GH019845,Carrizal Bajo,Norte Centro,AMERB,7,-28.069027,,2022,16,14,0.256166667,Cheilodactylidae,Cheilodactylus variegatus,Movile invertivore,Carnivoro,5.855562785,2.07852124,COMPLETO,,,,,,
GH019844,Carrizal Bajo,Norte Centro,AMERB,8,-28.069027,,2022,,,0.348333333,Blenidae,Scartichthys gigas ,Herbivore and Detritivore,Herbivoro,17.22488038,0.323858786,COMPLETO,,,,,,
GH019844,Carrizal Bajo,Norte Centro,AMERB,8,-28.069027,,2022,,,0.348333333,NaN,NaN,NaN,Carnivoro,0,0,COMPLETO,,,,,,
GH019843,Carrizal Bajo,Norte Centro,AMERB,10,-28.069027,,2022,,,0.8405,Blenidae,Scartichthys gigas ,Herbivore and Detritivore,Herbivoro,1.784651993,0.026349444,COMPLETO,,,,,,
GH019843,Carrizal Bajo,Norte Centro,AMERB,10,-28.069027,,2022,,,0.8405,Blenidae,Scartichthys gigas ,Herbivore and Detritivore,Herbivoro,0.594883998,0.008783148,COMPLETO,,,,,,
GH019843,Carrizal Bajo,Norte Centro,AMERB,10,-28.069027,,2022,,,0.8405,NaN,NaN,NaN,Carnivoro,0,0,COMPLETO,,,,,,
GH019764,Punta de Tralca,Central,ALA,1,-33.424426,,2022,12.6,13,0.5055,NaN,NaN,NaN,Carnivoro,0,0,COMPLETO,,,,,,
GH019764,Punta de Tralca,Central,ALA,1,-33.424426,,2022,12.6,13,0.5055,NaN,NaN,NaN,Herbivoro,0,0,COMPLETO,,,,,,
GH019765,Punta de Tralca,Central,ALA,2,-33.424426,,2022,13.6,13,0.358666667,NaN,NaN,NaN,Carnivoro,0,0,COMPLETO,,,,,,
GH019765,Punta de Tralca,Central,ALA,2,-33.424426,,2022,13.6,13,0.358666667,NaN,NaN,NaN,Herbivoro,0,0,COMPLETO,,,,,,
GH020705,Las Cruces,Central,AMERB,1,-33.495009,winter,2023,10.4,14,1.140833333,Blenidae,Scartichthys viridis,Herbivore and Detritivore,Herbivoro,3.944485026,0.040791367,COMPLETO,,,,,,
GH020705,Las Cruces,Central,AMERB,1,-33.495009,winter,2023,10.4,14,1.140833333,Blenidae,Scartichthys viridis,Herbivore and Detritivore,Herbivoro,0.876552228,0.009064748,COMPLETO,,,,,,
GH020705,Las Cruces,Central,AMERB,1,-33.495009,winter,2023,10.4,14,1.140833333,NaN,NaN,NaN,Carnivoro,0,0,COMPLETO,,,,,,
GH010366,Las Cruces,Central,AMERB,2,-33.495009,winter,2023,12.3,13,0.386666667,NaN,NaN,NaN,Carnivoro,0,0,COMPLETO,,,,,,
GH010366,Las Cruces,Central,AMERB,2,-33.495009,winter,2023,12.3,13,0.386666667,NaN,NaN,NaN,Herbivoro,0,0,COMPLETO,,,,,,
GH010059,Chañaral de Aceituno,Norte Centro,AMCP,1,-29.071608,spring,2022,17.5,NiD,0.445833333,NaN,NaN,NaN,Carnivoro,0,0,COMPLETO,,,,,,
GH010059,Chañaral de Aceituno,Norte Centro,AMCP,1,-29.071608,spring,2022,17.5,NiD,0.445833333,NaN,NaN,NaN,Herbivoro,0,0,COMPLETO,,,,,,
GH019853,Chañaral de Aceituno,Norte Centro,AMCP,2,-29.071608,spring,2022,18.99,13.6,0.563333333,Cheilodactylidae,Cheilodactylus variegatus,Movile invertivore,Carnivoro,1.775147929,0.630115808,COMPLETO,,,,,,
GH019853,Chañaral de Aceituno,Norte Centro,AMCP,2,-29.071608,spring,2022,18.99,13.6,0.563333333,Cheilodactylidae,Cheilodactylus variegatus,Movile invertivore,Carnivoro,7.98816568,0.81996183,COMPLETO,,,,,,
GH019853,Chañaral de Aceituno,Norte Centro,AMCP,2,-29.071608,spring,2022,18.99,13.6,0.563333333,Cheilodactylidae,Cheilodactylus variegatus,Movile invertivore,Carnivoro,0.887573964,0.139728989,COMPLETO,,,,,,
GH019853,Chañaral de Aceituno,Norte Centro,AMCP,2,-29.071608,spring,2022,18.99,13.6,0.563333333,Pinguipedidae,Pinguipes chilensis,General Carnivore ,Carnivoro,0.887573964,0.268034336,COMPLETO,,,,,,
GH019853,Chañaral de Aceituno,Norte Centro,AMCP,2,-29.071608,spring,2022,18.99,13.6,0.563333333,Pinguipedidae,Pinguipes chilensis,General Carnivore ,Carnivoro,0.887573964,0.268034336,COMPLETO,,,,,,
GH019853,Chañaral de Aceituno,Norte Centro,AMCP,2,-29.071608,spring,2022,18.99,13.6,0.563333333,NaN,NaN,NaN,Herbivoro,0,0,COMPLETO,,,,,,
GH019855,Chañaral de Aceituno,Norte Centro,AMCP,3,-29.071608,spring,2022,20.3,13,0.231166667,NaN,NaN,NaN,Carnivoro,0,0,COMPLETO,,,,,,
GH019855,Chañaral de Aceituno,Norte Centro,AMCP,3,-29.071608,spring,2022,20.3,13,0.231166667,Blenidae,Scartichthys viridis,Herbivore and Detritivore,Herbivoro,2.162941601,0.006735853,COMPLETO,,,,,,
GH020058,Chañaral de Aceituno,Norte Centro,AMCP,4,-29.071608,spring,2022,NiD,NiD,0.976166667,Cheilodactylidae,Cheilodactylus variegatus,Movile invertivore,Carnivoro,1.536622844,0.545447694,COMPLETO,,,,,,
GH020058,Chañaral de Aceituno,Norte Centro,AMCP,4,-29.071608,spring,2022,NiD,NiD,0.976166667,Cheilodactylidae,Cheilodactylus variegatus,Movile invertivore,Carnivoro,0.512207615,0.181815898,COMPLETO,,,,,,
GH020058,Chañaral de Aceituno,Norte Centro,AMCP,4,-29.071608,spring,2022,NiD,NiD,0.976166667,Cheilodactylidae,Cheilodactylus variegatus,Movile invertivore,Carnivoro,0.512207615,0.181815898,COMPLETO,,,,,,
GH020058,Chañaral de Aceituno,Norte Centro,AMCP,4,-29.071608,spring,2022,NiD,NiD,0.976166667,Blenidae,Scartichthys viridis,Herbivore and Detritivore,Herbivoro,5.122076148,0.124120249,COMPLETO,,,,,,
GH020058,Chañaral de Aceituno,Norte Centro,AMCP,4,-29.071608,spring,2022,NiD,NiD,0.976166667,Blenidae,Scartichthys viridis,Herbivore and Detritivore,Herbivoro,1.536622844,0.037236075,COMPLETO,,,,,,
GH020058,Chañaral de Aceituno,Norte Centro,AMCP,4,-29.071608,spring,2022,NiD,NiD,0.976166667,Blenidae,Scartichthys viridis,Herbivore and Detritivore,Herbivoro,1.536622844,0.037236075,COMPLETO,,,,,,
GH020058,Chañaral de Aceituno,Norte Centro,AMCP,4,-29.071608,spring,2022,NiD,NiD,0.976166667,Blenidae,Scartichthys viridis,Herbivore and Detritivore,Herbivoro,0.512207615,0.012412025,COMPLETO,,,,,,
GH020058,Chañaral de Aceituno,Norte Centro,AMCP,4,-29.071608,spring,2022,NiD,NiD,0.976166667,Blenidae,Scartichthys viridis,Herbivore and Detritivore,Herbivoro,5.634283763,0.058266196,COMPLETO,,,,,,
GH020058,Chañaral de Aceituno,Norte Centro,AMCP,4,-29.071608,spring,2022,NiD,NiD,0.976166667,Blenidae,Scartichthys viridis,Herbivore and Detritivore,Herbivoro,1.02441523,0.02482405,COMPLETO,,,,,,
GH020058,Chañaral de Aceituno,Norte Centro,AMCP,4,-29.071608,spring,2022,NiD,NiD,0.976166667,Blenidae,Scartichthys viridis,Herbivore and Detritivore,Herbivoro,1.536622844,0.002042191,COMPLETO,,,,,,
GH020058,Chañaral de Aceituno,Norte Centro,AMCP,4,-29.071608,spring,2022,NiD,NiD,0.976166667,Blenidae,Scartichthys viridis,Herbivore and Detritivore,Herbivoro,1.536622844,0.037236075,COMPLETO,,,,,,
GH020058,Chañaral de Aceituno,Norte Centro,AMCP,4,-29.071608,spring,2022,NiD,NiD,0.976166667,Blenidae,Scartichthys viridis,Herbivore and Detritivore,Herbivoro,1.02441523,0.010593854,COMPLETO,,,,,,
GH020058,Chañaral de Aceituno,Norte Centro,AMCP,4,-29.071608,spring,2022,NiD,NiD,0.976166667,Cheilodactylidae,Cheilodactylus variegatus,Movile invertivore,Carnivoro,2.048830459,0.727263592,COMPLETO,,,,,,
GH020058,Chañaral de Aceituno,Norte Centro,AMCP,4,-29.071608,spring,2022,NiD,NiD,0.976166667,Blenidae,Scartichthys viridis,Herbivore and Detritivore,Herbivoro,0.512207615,0.012412025,COMPLETO,,,,,,
GH020058,Chañaral de Aceituno,Norte Centro,AMCP,4,-29.071608,spring,2022,NiD,NiD,0.976166667,Cheilodactylidae,Cheilodactylus variegatus,Movile invertivore,Carnivoro,1.02441523,0.363631796,COMPLETO,,,,,,
GH020058,Chañaral de Aceituno,Norte Centro,AMCP,4,-29.071608,spring,2022,NiD,NiD,0.976166667,Aplodactylidae ,Aplodactylus punctatus,Herbivore and Detritivore,Herbivoro,7.170906607,5.531743093,COMPLETO,,,,,,
GX010367,Chañaral de Aceituno,Norte Centro,ALA,3,-29.071608,spring,2022,14.6,NiD,0.520833333,NaN,NaN,NaN,Herbivoro,0,0,COMPLETO,,,,,,
GX010367,Chañaral de Aceituno,Norte Centro,ALA,3,-29.071608,spring,2022,14.6,NiD,0.520833333,NaN,NaN,NaN,Carnivoro,0,0,COMPLETO,,,,,,
GX010368,Chañaral de Aceituno,Norte Centro,ALA,5,-29.071608,spring,2022,NiD,NiD,0.245333333,NaN,NaN,NaN,Herbivoro,0,0,COMPLETO,,,,,,
GX010368,Chañaral de Aceituno,Norte Centro,ALA,5,-29.071608,spring,2022,NiD,NiD,0.245333333,NaN,NaN,NaN,Carnivoro,0,0,COMPLETO,,,,,,
GH010068,Chañaral de Aceituno,Norte Centro,AMERB,1,-29.071608,spring,2022,12,14,0.142833333,Blenidae,Scartichthys viridis,Herbivore and Detritivore,Herbivoro,3.500583431,0.036200818,COMPLETO,,,,,,
GH010068,Chañaral de Aceituno,Norte Centro,AMERB,1,-29.071608,spring,2022,12,14,0.142833333,Blenidae,Scartichthys viridis,Herbivore and Detritivore,Herbivoro,3.500583431,0.01090155,COMPLETO,,,,,,
GH010068,Chañaral de Aceituno,Norte Centro,AMERB,1,-29.071608,spring,2022,12,14,0.142833333,NaN,NaN,NaN,Carnivoro,0,0,COMPLETO,,,,,,
GH010067,Chañaral de Aceituno,Norte Centro,AMERB,2,-29.071608,spring,2022,NiD,NiD,0.543,Pinguipedidae,Pinguipes chilensis,General Carnivore ,Carnivoro,1.841620626,0.556142453,COMPLETO,,,,,,
GH010067,Chañaral de Aceituno,Norte Centro,AMERB,2,-29.071608,spring,2022,NiD,NiD,0.543,Blenidae,Scartichthys viridis,Herbivore and Detritivore,Herbivoro,3.683241252,0.060113306,COMPLETO,,,,,,
GH010067,Chañaral de Aceituno,Norte Centro,AMERB,2,-29.071608,spring,2022,NiD,NiD,0.543,Blenidae,Scartichthys viridis,Herbivore and Detritivore,Herbivoro,12.89134438,0.21039657,COMPLETO,,,,,,
GH010067,Chañaral de Aceituno,Norte Centro,AMERB,2,-29.071608,spring,2022,NiD,NiD,0.543,Cheilodactylidae,Cheilodactylus variegatus,Movile invertivore,Carnivoro,2.762430939,0.793943853,COMPLETO,,,,,,
GH010067,Chañaral de Aceituno,Norte Centro,AMERB,2,-29.071608,spring,2022,NiD,NiD,0.543,Blenidae,Scartichthys viridis,Herbivore and Detritivore,Herbivoro,9.208103131,0.22313453,COMPLETO,,,,,,
GH010067,Chañaral de Aceituno,Norte Centro,AMERB,2,-29.071608,spring,2022,NiD,NiD,0.543,Blenidae,Scartichthys viridis,Herbivore and Detritivore,Herbivoro,2.762430939,0.066940359,COMPLETO,,,,,,
GH010067,Chañaral de Aceituno,Norte Centro,AMERB,2,-29.071608,spring,2022,NiD,NiD,0.543,Cheilodactylidae,Cheilodactylus variegatus,Movile invertivore,Carnivoro,0.920810313,0.094518484,COMPLETO,,,,,,
GH010066,Chañaral de Aceituno,Norte Centro,AMERB,4,-29.071608,spring,2022,9.5,13,0.481166667,Cheilodactylidae,Cheilodactylus variegatus,Movile invertivore,Carnivoro,4.156563907,1.475435698,COMPLETO,,,,,,
GH010066,Chañaral de Aceituno,Norte Centro,AMERB,4,-29.071608,spring,2022,9.5,13,0.481166667,Cheilodactylidae,Cheilodactylus variegatus,Movile invertivore,Carnivoro,2.078281954,0.21332956,COMPLETO,,,,,,
GH010066,Chañaral de Aceituno,Norte Centro,AMERB,4,-29.071608,spring,2022,9.5,13,0.481166667,Cheilodactylidae,Cheilodactylus variegatus,Movile invertivore,Carnivoro,1.039140977,0.21113765,COMPLETO,,,,,,
GH010066,Chañaral de Aceituno,Norte Centro,AMERB,4,-29.071608,spring,2022,9.5,13,0.481166667,Cheilodactylidae,Cheilodactylus variegatus,Movile invertivore,Carnivoro,3.11742293,0.895971276,COMPLETO,,,,,,
GH010066,Chañaral de Aceituno,Norte Centro,AMERB,4,-29.071608,spring,2022,9.5,13,0.481166667,Cheilodactylidae,Cheilodactylus variegatus,Movile invertivore,Carnivoro,7.273986838,2.090599644,COMPLETO,,,,,,
GH010066,Chañaral de Aceituno,Norte Centro,AMERB,4,-29.071608,spring,2022,9.5,13,0.481166667,NaN,NaN,NaN,Herbivoro,0,0,COMPLETO,,,,,,
GX010373,Chañaral de Aceituno,Norte Centro,AMERB,5,-29.071608,spring,2022,NiD,NiD,0.395833333,NaN,NaN,NaN,Herbivoro,0,0,COMPLETO,,,,,,
GX010373,Chañaral de Aceituno,Norte Centro,AMERB,5,-29.071608,spring,2022,NiD,NiD,0.395833333,NaN,NaN,NaN,Carnivoro,0,0,COMPLETO,,,,,,
GX010369,Chañaral de Aceituno,Norte Centro,AMERB,10,-29.071608,spring,2022,12.9,NiD,0.3525,Blenidae,Scartichthys viridis,Herbivore and Detritivore,Herbivoro,1.418439716,0.004417318,COMPLETO,,,,,,
GX010369,Chañaral de Aceituno,Norte Centro,AMERB,10,-29.071608,spring,2022,12.9,NiD,0.3525,Blenidae,Scartichthys viridis,Herbivore and Detritivore,Herbivoro,1.418439716,0.004417318,COMPLETO,,,,,,
GX010369,Chañaral de Aceituno,Norte Centro,AMERB,10,-29.071608,spring,2022,12.9,NiD,0.3525,Blenidae,Scartichthys viridis,Herbivore and Detritivore,Herbivoro,4.255319149,0.044005817,COMPLETO,,,,,,
GX010369,Chañaral de Aceituno,Norte Centro,AMERB,10,-29.071608,spring,2022,12.9,NiD,0.3525,Blenidae,Scartichthys viridis,Herbivore and Detritivore,Herbivoro,1.418439716,0.004417318,COMPLETO,,,,,,
GX010369,Chañaral de Aceituno,Norte Centro,AMERB,10,-29.071608,spring,2022,12.9,NiD,0.3525,Blenidae,Scartichthys viridis,Herbivore and Detritivore,Herbivoro,7.092198582,0.022086592,COMPLETO,,,,,,
GX010369,Chañaral de Aceituno,Norte Centro,AMERB,10,-29.071608,spring,2022,12.9,NiD,0.3525,Aplodactylidae ,Aplodactylus punctatus,Herbivore and Detritivore,Herbivoro,4.255319149,0.728171395,COMPLETO,,,,,,
GX010369,Chañaral de Aceituno,Norte Centro,AMERB,10,-29.071608,spring,2022,12.9,NiD,0.3525,Aplodactylidae ,Aplodactylus punctatus,Herbivore and Detritivore,Herbivoro,9.929078014,1.699066588,COMPLETO,,,,,,
GX010369,Chañaral de Aceituno,Norte Centro,AMERB,10,-29.071608,spring,2022,12.9,NiD,0.3525,Aplodactylidae ,Aplodactylus punctatus,Herbivore and Detritivore,Herbivoro,5.673758865,0.970895193,COMPLETO,,,,,,
GX010369,Chañaral de Aceituno,Norte Centro,AMERB,10,-29.071608,spring,2022,12.9,NiD,0.3525,Aplodactylidae ,Aplodactylus punctatus,Herbivore and Detritivore,Herbivoro,4.255319149,0.728171395,COMPLETO,,,,,,
GX010369,Chañaral de Aceituno,Norte Centro,AMERB,10,-29.071608,spring,2022,12.9,NiD,0.3525,Blenidae,Scartichthys viridis,Herbivore and Detritivore,Herbivoro,1.418439716,0.004417318,COMPLETO,,,,,,
GH019708,Ventanas,Central,AMERB,1,-32.7401,summer,2022,NiD,NiD,0.75,Pinguipedidae,Pinguipes chilensis,General Carnivore ,Carnivoro,0.666666667,0.006981149,COMPLETO,,,,,,
GH019708,Ventanas,Central,AMERB,1,-32.7401,summer,2022,NiD,NiD,0.75,NaN,NaN,NaN,Herbivoro,0,0,COMPLETO,,,,,,
GX010364,Chañaral de Aceituno,Norte Centro,ALA,2,-29.071608,spring,2022,NiD,NiD,0.337833333,NaN,NaN,NaN,Herbivoro,0,0,COMPLETO,,,,,,
GX010364,Chañaral de Aceituno,Norte Centro,ALA,2,-29.071608,spring,2022,NiD,NiD,0.337833333,NaN,NaN,NaN,Carnivoro,0,0,COMPLETO,,,,,,
GX010363,Chañaral de Aceituno,Norte Centro,ALA,1,-29.071608,spring,2022,NiD,NiD,0.671166667,Blenidae,Scartichthys viridis,Herbivore and Detritivore,Herbivoro,1.489942886,0.015408046,COMPLETO,,,,,,
GX010363,Chañaral de Aceituno,Norte Centro,ALA,1,-29.071608,spring,2022,NiD,NiD,0.671166667,NaN,NaN,NaN,Carnivoro,0,0,COMPLETO,,,,,,
GX010363,Chañaral de Aceituno,Norte Centro,ALA,1,-29.071608,spring,2022,NiD,NiD,0.671166667,Blenidae,Scartichthys viridis,Herbivore and Detritivore,Herbivoro,7.449714428,0.044909796,COMPLETO,,,,,,
GH010680,El Canelo,Central,ALA,1,-32.2416,fall ,2023,NiD,NiD,1.132,Pinguipedidae,Pinguipes chilensis,General Carnivore ,Carnivoro,1.325088339,0.400157269,COMPLETO,,,,,,
GH010680,El Canelo,Central,ALA,1,-32.2416,fall ,2023,NiD,NiD,1.132,NaN,NaN,NaN,Carnivoro,0,0,COMPLETO,,,,,,
GH010680,El Canelo,Central,ALA,1,-32.2416,fall ,2023,NiD,NiD,1.132,NaN,NaN,NaN,Herbivoro,0,0,COMPLETO,,,,,,
GH010368,Las Cruces,Central,AMCP,1,-33.495009,winter,2023,11,14,0.917,Blenidae,Scartichthys viridis,Herbivore and Detritivore,Herbivoro,1.635768811,0.016916085,COMPLETO,,,,,,
GH010368,Las Cruces,Central,AMCP,1,-33.495009,winter,2023,11,14,0.917,Blenidae,Scartichthys viridis,Herbivore and Detritivore,Herbivoro,4.362050164,0.045109561,COMPLETO,,,,,,
GH010368,Las Cruces,Central,AMCP,1,-33.495009,winter,2023,11,14,0.917,Blenidae,Scartichthys viridis,Herbivore and Detritivore,Herbivoro,3.816793893,0.131071051,COMPLETO,,,,,,
GH010368,Las Cruces,Central,AMCP,1,-33.495009,winter,2023,11,14,0.917,Blenidae,Scartichthys viridis,Herbivore and Detritivore,Herbivoro,5.997818975,0.205968795,COMPLETO,,,,,,
GH010368,Las Cruces,Central,AMCP,1,-33.495009,winter,2023,11,14,0.917,Blenidae,Scartichthys viridis,Herbivore and Detritivore,Herbivoro,7.633587786,0.078941732,COMPLETO,,,,,,
GH010368,Las Cruces,Central,AMCP,1,-33.495009,winter,2023,11,14,0.917,Blenidae,Scartichthys viridis,Herbivore and Detritivore,Herbivoro,4.362050164,0.149795487,COMPLETO,,,,,,
GH010368,Las Cruces,Central,AMCP,1,-33.495009,winter,2023,11,14,0.917,Blenidae,Scartichthys viridis,Herbivore and Detritivore,Herbivoro,2.726281352,0.035730941,COMPLETO,,,,,,
GH010368,Las Cruces,Central,AMCP,1,-33.495009,winter,2023,11,14,0.917,Blenidae,Scartichthys viridis,Herbivore and Detritivore,Herbivoro,4.362050164,0.045109561,COMPLETO,,,,,,
GH010368,Las Cruces,Central,AMCP,1,-33.495009,winter,2023,11,14,0.917,Blenidae,Scartichthys viridis,Herbivore and Detritivore,Herbivoro,4.362050164,0.057169506,COMPLETO,,,,,,
GH010368,Las Cruces,Central,AMCP,1,-33.495009,winter,2023,11,14,0.917,Blenidae,Scartichthys viridis,Herbivore and Detritivore,Herbivoro,3.816793893,0.039470866,COMPLETO,,,,,,
GH010368,Las Cruces,Central,AMCP,1,-33.495009,winter,2023,11,14,0.917,Blenidae,Scartichthys viridis,Herbivore and Detritivore,Herbivoro,2.726281352,0.028193476,COMPLETO,,,,,,
GH010368,Las Cruces,Central,AMCP,1,-33.495009,winter,2023,11,14,0.917,Blenidae,Scartichthys viridis,Herbivore and Detritivore,Herbivoro,1.635768811,0.016916085,COMPLETO,,,,,,
GH010368,Las Cruces,Central,AMCP,1,-33.495009,winter,2023,11,14,0.917,Blenidae,Scartichthys viridis,Herbivore and Detritivore,Herbivoro,4.907306434,0.050748256,COMPLETO,,,,,,
GH010368,Las Cruces,Central,AMCP,1,-33.495009,winter,2023,11,14,0.917,Blenidae,Scartichthys viridis,Herbivore and Detritivore,Herbivoro,3.816793893,0.039470866,COMPLETO,,,,,,
GH010368,Las Cruces,Central,AMCP,1,-33.495009,winter,2023,11,14,0.917,Blenidae,Scartichthys viridis,Herbivore and Detritivore,Herbivoro,3.816793893,0.039470866,COMPLETO,,,,,,
GH010368,Las Cruces,Central,AMCP,1,-33.495009,winter,2023,11,14,0.917,Blenidae,Scartichthys viridis,Herbivore and Detritivore,Herbivoro,3.271537623,0.112346616,COMPLETO,,,,,,
GH010368,Las Cruces,Central,AMCP,1,-33.495009,winter,2023,11,14,0.917,Blenidae,Scartichthys viridis,Herbivore and Detritivore,Herbivoro,1.635768811,0.056173308,COMPLETO,,,,,,
GH010368,Las Cruces,Central,AMCP,1,-33.495009,winter,2023,11,14,0.917,Blenidae,Scartichthys viridis,Herbivore and Detritivore,Herbivoro,5.452562704,0.056386952,COMPLETO,,,,,,
GH010368,Las Cruces,Central,AMCP,1,-33.495009,winter,2023,11,14,0.917,Blenidae,Scartichthys viridis,Herbivore and Detritivore,Herbivoro,1.090512541,0.01127739,COMPLETO,,,,,,
GH010368,Las Cruces,Central,AMCP,1,-33.495009,winter,2023,11,14,0.917,Blenidae,Scartichthys viridis,Herbivore and Detritivore,Herbivoro,4.907306434,0.080090983,COMPLETO,,,,,,
GH010368,Las Cruces,Central,AMCP,1,-33.495009,winter,2023,11,14,0.917,Blenidae,Scartichthys viridis,Herbivore and Detritivore,Herbivoro,1.635768811,0.026696994,COMPLETO,,,,,,
GH010368,Las Cruces,Central,AMCP,1,-33.495009,winter,2023,11,14,0.917,Blenidae,Scartichthys viridis,Herbivore and Detritivore,Herbivoro,1.090512541,0.037448872,COMPLETO,,,,,,
GH010368,Las Cruces,Central,AMCP,1,-33.495009,winter,2023,11,14,0.917,Blenidae,Scartichthys viridis,Herbivore and Detritivore,Herbivoro,5.452562704,0.187244359,COMPLETO,,,,,,
GH010368,Las Cruces,Central,AMCP,1,-33.495009,winter,2023,11,14,0.917,Blenidae,Scartichthys viridis,Herbivore and Detritivore,Herbivoro,3.271537623,0.053393989,COMPLETO,,,,,,
GH010368,Las Cruces,Central,AMCP,1,-33.495009,winter,2023,11,14,0.917,Blenidae,Scartichthys viridis,Herbivore and Detritivore,Herbivoro,2.726281352,0.04449499,COMPLETO,,,,,,
GH010368,Las Cruces,Central,AMCP,1,-33.495009,winter,2023,11,14,0.917,Blenidae,Scartichthys viridis,Herbivore and Detritivore,Herbivoro,1.635768811,0.026696994,COMPLETO,,,,,,
GH010368,Las Cruces,Central,AMCP,1,-33.495009,winter,2023,11,14,0.917,Blenidae,Scartichthys viridis,Herbivore and Detritivore,Herbivoro,1.635768811,0.016916085,COMPLETO,,,,,,
GH010368,Las Cruces,Central,AMCP,1,-33.495009,winter,2023,11,14,0.917,Blenidae,Scartichthys viridis,Herbivore and Detritivore,Herbivoro,1.090512541,0.037448872,COMPLETO,,,,,,
GH010368,Las Cruces,Central,AMCP,1,-33.495009,winter,2023,11,14,0.917,Blenidae,Scartichthys viridis,Herbivore and Detritivore,Herbivoro,0.54525627,0.018724436,COMPLETO,,,,,,
GH010368,Las Cruces,Central,AMCP,1,-33.495009,winter,2023,11,14,0.917,Blenidae,Scartichthys viridis,Herbivore and Detritivore,Herbivoro,10.35986914,0.355764282,COMPLETO,,,,,,
GH010368,Las Cruces,Central,AMCP,1,-33.495009,winter,2023,11,14,0.917,Blenidae,Scartichthys viridis,Herbivore and Detritivore,Herbivoro,4.907306434,0.050748256,COMPLETO,,,,,,
GH010368,Las Cruces,Central,AMCP,1,-33.495009,winter,2023,11,14,0.917,Blenidae,Scartichthys viridis,Herbivore and Detritivore,Herbivoro,2.181025082,0.022554781,COMPLETO,,,,,,
GH010368,Las Cruces,Central,AMCP,1,-33.495009,winter,2023,11,14,0.917,Blenidae,Scartichthys viridis,Herbivore and Detritivore,Herbivoro,7.088331516,0.073303037,COMPLETO,,,,,,
GH010368,Las Cruces,Central,AMCP,1,-33.495009,winter,2023,11,14,0.917,Blenidae,Scartichthys viridis,Herbivore and Detritivore,Herbivoro,2.726281352,0.028193476,COMPLETO,,,,,,
GH010368,Las Cruces,Central,AMCP,1,-33.495009,winter,2023,11,14,0.917,Blenidae,Scartichthys viridis,Herbivore and Detritivore,Herbivoro,6.543075245,0.067664342,COMPLETO,,,,,,
GH010368,Las Cruces,Central,AMCP,1,-33.495009,winter,2023,11,14,0.917,Blenidae,Scartichthys viridis,Herbivore and Detritivore,Herbivoro,2.181025082,0.035595992,COMPLETO,,,,,,
GH010368,Las Cruces,Central,AMCP,1,-33.495009,winter,2023,11,14,0.917,Blenidae,Scartichthys viridis,Herbivore and Detritivore,Herbivoro,4.362050164,0.071191985,COMPLETO,,,,,,
GH010368,Las Cruces,Central,AMCP,1,-33.495009,winter,2023,11,14,0.917,Aplodactylidae ,Aplodactylus punctatus,Herbivore and Detritivore,Herbivoro,9.269356598,6.134838394,COMPLETO,,,,,,
GH010368,Las Cruces,Central,AMCP,1,-33.495009,winter,2023,11,14,0.917,Blenidae,Scartichthys viridis,Herbivore and Detritivore,Herbivoro,1.090512541,0.01127739,COMPLETO,,,,,,
GH010368,Las Cruces,Central,AMCP,1,-33.495009,winter,2023,11,14,0.917,Blenidae,Scartichthys viridis,Herbivore and Detritivore,Herbivoro,2.726281352,0.04449499,COMPLETO,,,,,,
GH010368,Las Cruces,Central,AMCP,1,-33.495009,winter,2023,11,14,0.917,Blenidae,Scartichthys viridis,Herbivore and Detritivore,Herbivoro,1.635768811,0.016916085,COMPLETO,,,,,,
GH010368,Las Cruces,Central,AMCP,1,-33.495009,winter,2023,11,14,0.917,Blenidae,Scartichthys viridis,Herbivore and Detritivore,Herbivoro,4.907306434,0.080090983,COMPLETO,,,,,,
GH010368,Las Cruces,Central,AMCP,1,-33.495009,winter,2023,11,14,0.917,NaN,NaN,NaN,Carnivoro,0,0,COMPLETO,,,,,,
GH020145,Las Cruces,Central,ALA,1,-33.495009,,2023,16.3,13,0.798333333,Pinguipedidae,Prolatilus jugularis,General Carnivore ,Carnivoro,0.626304802,0.222488289,COMPLETO,,,,,,
GH020145,Las Cruces,Central,ALA,1,-33.495009,,2023,16.3,13,0.798333333,NaN,NaN,NaN,Herbivoro,0,0,COMPLETO,,,,,,
GH010700,Las Cruces,Central,ALA,2,-33.495009,,2023,16.9,13,0.991666667,Cheilodactylidae,Cheilodactylus variegatus,Movile invertivore,Carnivoro,0.504201681,0.286845004,COMPLETO,,,,,,
GH010700,Las Cruces,Central,ALA,2,-33.495009,,2023,16.9,13,0.991666667,Cheilodactylidae,Cheilodactylus variegatus,Movile invertivore,Carnivoro,0.504201681,0.218050962,COMPLETO,,,,,,
GH010700,Las Cruces,Central,ALA,2,-33.495009,,2023,16.9,13,0.991666667,Cheilodactylidae,Cheilodactylus variegatus,Movile invertivore,Carnivoro,1.008403361,0.436101925,COMPLETO,,,,,,
GH010700,Las Cruces,Central,ALA,2,-33.495009,,2023,16.9,13,0.991666667,NaN,NaN,NaN,Herbivoro,0,0,COMPLETO,,,,,,
GH010681,Los Vilos,Central,AMERB,2,-31.9124,,2023,12.8,15,0.472166667,Blenidae,Scartichthys viridis,Herbivore and Detritivore,Herbivoro,3.176844335,0.019151262,COMPLETO,,,,,,
GH010681,Los Vilos,Central,AMERB,2,-31.9124,,2023,12.8,15,0.472166667,NaN,NaN,NaN,Carnivoro,0,0,COMPLETO,,,,,,
GOPR0001,Los Vilos,Central,AMERB,3,-31.9124,,2023,10.3,NiD,0.479166667,Haemulidae,Isacia conceptionis ,Omnivore,Omnivore,1.043478261,0.173941455,COMPLETO,,,,,,
GOPR0001,Los Vilos,Central,AMERB,3,-31.9124,,2023,10.3,NiD,0.479166667,NaN,NaN,NaN,Carnivoro,0,0,COMPLETO,,,,,,
GOPR0001,Los Vilos,Central,AMERB,3,-31.9124,,2023,10.3,NiD,0.479166667,NaN,NaN,NaN,Herbivoro,0,0,COMPLETO,,,,,,
GP010128,Los Vilos,Central,AMERB,4,-31.9124,,2023,10.8,NiD,0.259666667,NaN,NaN,NaN,Herbivoro,0,0,COMPLETO,,,,,,
GP010128,Los Vilos,Central,AMERB,4,-31.9124,,2023,10.8,NiD,0.259666667,NaN,NaN,NaN,Carnivoro,0,0,COMPLETO,,,,,,
GOPR0006,Los Vilos,Central,AMERB,5,-31.9124,,2023,19.1,NiD,0.425833333,NaN,NaN,NaN,Herbivoro,0,0,COMPLETO,,,,,,
GOPR0006,Los Vilos,Central,AMERB,5,-31.9124,,2023,19.1,NiD,0.425833333,Cheilodactylidae,Cheilodactylus variegatus,Movile invertivore,Carnivoro,1.174168297,0.507789913,COMPLETO,,,,,,
GH010819,Punta de Tralca,Central,ALA,1,-33.424426,winter,2023,13.5,NiD,0.517166667,NaN,NaN,NaN,Herbivoro,0,0,COMPLETO,,,,,,
GH010819,Punta de Tralca,Central,ALA,1,-33.424426,winter,2023,13.5,NiD,0.517166667,NaN,NaN,NaN,Carnivoro,0,0,COMPLETO,,,,,,
GH010820,Punta de Tralca,Central,ALA,3,-33.424426,winter,2023,9.9,15,0.420333333,Blenidae,Scartichthys viridis,Herbivore and Detritivore,Herbivoro,3.568596352,0.011113357,COMPLETO,,,,,,
GH010820,Punta de Tralca,Central,ALA,3,-33.424426,winter,2023,9.9,15,0.420333333,Blenidae,Scartichthys viridis,Herbivore and Detritivore,Herbivoro,14.27438541,0.49019118,COMPLETO,,,,,,
GH010820,Punta de Tralca,Central,ALA,3,-33.424426,winter,2023,9.9,15,0.420333333,Blenidae,Scartichthys viridis,Herbivore and Detritivore,Herbivoro,14.27438541,0.029939813,COMPLETO,,,,,,
GH010820,Punta de Tralca,Central,ALA,3,-33.424426,winter,2023,9.9,15,0.420333333,Blenidae,Scartichthys viridis,Herbivore and Detritivore,Herbivoro,11.89532117,0.40849265,COMPLETO,,,,,,
GH010820,Punta de Tralca,Central,ALA,3,-33.424426,winter,2023,9.9,15,0.420333333,Blenidae,Scartichthys viridis,Herbivore and Detritivore,Herbivoro,4.758128469,0.006323614,COMPLETO,,,,,,
GH010820,Punta de Tralca,Central,ALA,3,-33.424426,winter,2023,9.9,15,0.420333333,Blenidae,Scartichthys viridis,Herbivore and Detritivore,Herbivoro,4.758128469,0.028683862,COMPLETO,,,,,,
GH010820,Punta de Tralca,Central,ALA,3,-33.424426,winter,2023,9.9,15,0.420333333,Blenidae,Scartichthys viridis,Herbivore and Detritivore,Herbivoro,3.568596352,0.011113357,COMPLETO,,,,,,
GH010820,Punta de Tralca,Central,ALA,3,-33.424426,winter,2023,9.9,15,0.420333333,Blenidae,Scartichthys viridis,Herbivore and Detritivore,Herbivoro,14.27438541,0.413892622,COMPLETO,,,,,,
GH010820,Punta de Tralca,Central,ALA,3,-33.424426,winter,2023,9.9,15,0.420333333,Blenidae,Scartichthys viridis,Herbivore and Detritivore,Herbivoro,10.70578906,0.367643385,COMPLETO,,,,,,
GH010820,Punta de Tralca,Central,ALA,3,-33.424426,winter,2023,9.9,15,0.420333333,Blenidae,Scartichthys viridis,Herbivore and Detritivore,Herbivoro,2.379064235,0.08169853,COMPLETO,,,,,,
GH010820,Punta de Tralca,Central,ALA,3,-33.424426,winter,2023,9.9,15,0.420333333,Blenidae,Scartichthys viridis,Herbivore and Detritivore,Herbivoro,1.189532117,0.003704452,COMPLETO,,,,,,
GH010820,Punta de Tralca,Central,ALA,3,-33.424426,winter,2023,9.9,15,0.420333333,Blenidae,Scartichthys viridis,Herbivore and Detritivore,Herbivoro,3.568596352,0.122547795,COMPLETO,,,,,,
GH010820,Punta de Tralca,Central,ALA,3,-33.424426,winter,2023,9.9,15,0.420333333,Blenidae,Scartichthys viridis,Herbivore and Detritivore,Herbivoro,8.326724822,0.285944855,COMPLETO,,,,,,
GH010820,Punta de Tralca,Central,ALA,3,-33.424426,winter,2023,9.9,15,0.420333333,Blenidae,Scartichthys viridis,Herbivore and Detritivore,Herbivoro,4.758128469,0.028683862,COMPLETO,,,,,,
GH010820,Punta de Tralca,Central,ALA,3,-33.424426,winter,2023,9.9,15,0.420333333,Blenidae,Scartichthys viridis,Herbivore and Detritivore,Herbivoro,5.947660587,0.018522261,COMPLETO,,,,,,
GH010820,Punta de Tralca,Central,ALA,3,-33.424426,winter,2023,9.9,15,0.420333333,Blenidae,Scartichthys viridis,Herbivore and Detritivore,Herbivoro,13.08485329,0.040748974,COMPLETO,,,,,,
GH010820,Punta de Tralca,Central,ALA,3,-33.424426,winter,2023,9.9,15,0.420333333,Blenidae,Scartichthys viridis,Herbivore and Detritivore,Herbivoro,2.379064235,0.08169853,COMPLETO,,,,,,
GH010820,Punta de Tralca,Central,ALA,3,-33.424426,winter,2023,9.9,15,0.420333333,Blenidae,Scartichthys viridis,Herbivore and Detritivore,Herbivoro,10.70578906,0.064538689,COMPLETO,,,,,,
GH010820,Punta de Tralca,Central,ALA,3,-33.424426,winter,2023,9.9,15,0.420333333,Blenidae,Scartichthys viridis,Herbivore and Detritivore,Herbivoro,3.568596352,0.122547795,COMPLETO,,,,,,
GH010820,Punta de Tralca,Central,ALA,3,-33.424426,winter,2023,9.9,15,0.420333333,Blenidae,Scartichthys viridis,Herbivore and Detritivore,Herbivoro,1.189532117,0.007170965,COMPLETO,,,,,,
GH010820,Punta de Tralca,Central,ALA,3,-33.424426,winter,2023,9.9,15,0.420333333,Blenidae,Scartichthys viridis,Herbivore and Detritivore,Herbivoro,16.65344964,0.571889711,COMPLETO,,,,,,
GH010820,Punta de Tralca,Central,ALA,3,-33.424426,winter,2023,9.9,15,0.420333333,Blenidae,Scartichthys viridis,Herbivore and Detritivore,Herbivoro,16.65344964,0.172219433,COMPLETO,,,,,,
GH010820,Punta de Tralca,Central,ALA,3,-33.424426,winter,2023,9.9,15,0.420333333,Blenidae,Scartichthys viridis,Herbivore and Detritivore,Herbivoro,11.89532117,0.155901378,COMPLETO,,,,,,
GH010820,Punta de Tralca,Central,ALA,3,-33.424426,winter,2023,9.9,15,0.420333333,Blenidae,Scartichthys viridis,Herbivore and Detritivore,Herbivoro,17.84298176,0.612738976,COMPLETO,,,,,,
GH010820,Punta de Tralca,Central,ALA,3,-33.424426,winter,2023,9.9,15,0.420333333,Blenidae,Scartichthys viridis,Herbivore and Detritivore,Herbivoro,10.70578906,0.022454859,COMPLETO,,,,,,
GH010820,Punta de Tralca,Central,ALA,3,-33.424426,winter,2023,9.9,15,0.420333333,Blenidae,Scartichthys viridis,Herbivore and Detritivore,Herbivoro,16.65344964,0.172219433,COMPLETO,,,,,,
GH010820,Punta de Tralca,Central,ALA,3,-33.424426,winter,2023,9.9,15,0.420333333,Blenidae,Scartichthys viridis,Herbivore and Detritivore,Herbivoro,19.03251388,0.653588241,COMPLETO,,,,,,
GH010820,Punta de Tralca,Central,ALA,3,-33.424426,winter,2023,9.9,15,0.420333333,Blenidae,Scartichthys viridis,Herbivore and Detritivore,Herbivoro,10.70578906,0.110712493,COMPLETO,,,,,,
GH010820,Punta de Tralca,Central,ALA,3,-33.424426,winter,2023,9.9,15,0.420333333,Blenidae,Scartichthys viridis,Herbivore and Detritivore,Herbivoro,3.568596352,0.007484953,COMPLETO,,,,,,
GH010820,Punta de Tralca,Central,ALA,3,-33.424426,winter,2023,9.9,15,0.420333333,Blenidae,Scartichthys viridis,Herbivore and Detritivore,Herbivoro,11.89532117,0.071709655,COMPLETO,,,,,,
GH010820,Punta de Tralca,Central,ALA,3,-33.424426,winter,2023,9.9,15,0.420333333,Blenidae,Scartichthys viridis,Herbivore and Detritivore,Herbivoro,1.189532117,0.007170965,COMPLETO,,,,,,
GH010820,Punta de Tralca,Central,ALA,3,-33.424426,winter,2023,9.9,15,0.420333333,Blenidae,Scartichthys viridis,Herbivore and Detritivore,Herbivoro,11.89532117,0.123013881,COMPLETO,,,,,,
GH010820,Punta de Tralca,Central,ALA,3,-33.424426,winter,2023,9.9,15,0.420333333,Blenidae,Scartichthys viridis,Herbivore and Detritivore,Herbivoro,7.137192704,0.24509559,COMPLETO,,,,,,
GH010820,Punta de Tralca,Central,ALA,3,-33.424426,winter,2023,9.9,15,0.420333333,Blenidae,Scartichthys viridis,Herbivore and Detritivore,Herbivoro,26.16970658,0.898683831,COMPLETO,,,,,,
GH010820,Punta de Tralca,Central,ALA,3,-33.424426,winter,2023,9.9,15,0.420333333,Blenidae,Scartichthys viridis,Herbivore and Detritivore,Herbivoro,21.41157811,0.735286771,COMPLETO,,,,,,
GH010820,Punta de Tralca,Central,ALA,3,-33.424426,winter,2023,9.9,15,0.420333333,NaN,NaN,NaN,Carnivoro,0,0,COMPLETO,,,,,,
GH010820,Punta de Tralca,Central,ALA,3,-33.424426,winter,2023,9.9,15,0.420333333,Blenidae,Scartichthys viridis,Herbivore and Detritivore,Herbivoro,17.84298176,0.107564482,COMPLETO,,,,,,
GH010822,Punta de Tralca,Central,ALA,2,-33.424426,,2023,5.8,16,0.419166667,Blenidae,Scartichthys viridis,Herbivore and Detritivore,Herbivoro,1.192842942,0.012335627,COMPLETO,,,,,,
GH010822,Punta de Tralca,Central,ALA,2,-33.424426,,2023,5.8,16,0.419166667,Blenidae,Scartichthys viridis,Herbivore and Detritivore,Herbivoro,2.385685885,0.081925922,COMPLETO,,,,,,
GH010822,Punta de Tralca,Central,ALA,2,-33.424426,,2023,5.8,16,0.419166667,NaN,NaN,NaN,Carnivoro,0,0,COMPLETO,,,,,,
GH010364,Punta de Tralca,Central,ALA,4,-33.424426,,2023,NiD,NiD,0.957833333,Pinguipedidae,Prolatilus jugularis,General Carnivore ,Carnivoro,1.044022969,0.148905504,COMPLETO,,,,,,
GH010364,Punta de Tralca,Central,ALA,4,-33.424426,,2023,NiD,NiD,0.957833333,Pinguipedidae,Prolatilus jugularis,General Carnivore ,Carnivoro,1.566034453,0.223358255,COMPLETO,,,,,,
GH010364,Punta de Tralca,Central,ALA,4,-33.424426,,2023,NiD,NiD,0.957833333,NaN,NaN,NaN,Herbivoro,0,0,COMPLETO,,,,,,
GH010364,Punta de Tralca,Central,ALA,4,-33.424426,,2023,NiD,NiD,0.957833333,Pinguipedidae,Prolatilus jugularis,General Carnivore ,Carnivoro,1.566034453,0.174695751,COMPLETO,,,,,,
GH010702,Punta de Tralca,Central,ALA,5,-33.424426,,2023,NiD,NiD,0.488,NaN,NaN,NaN,Herbivoro,0,0,COMPLETO,,,,,,
GH010702,Punta de Tralca,Central,ALA,5,-33.424426,,2023,NiD,NiD,0.488,NaN,NaN,NaN,Carnivoro,0,0,COMPLETO,,,,,,
GH010703,Punta de Tralca,Central,ALA,6,-33.424426,,2023,NiD,NiD,0.4095,NaN,NaN,NaN,Herbivoro,0,0,COMPLETO,,,,,,
GH010703,Punta de Tralca,Central,ALA,6,-33.424426,,2023,NiD,NiD,0.4095,NaN,NaN,NaN,Carnivoro,0,0,COMPLETO,,,,,,
GH010698,Las Cruces,Central,AMERB,3,-33.495009,fall ,2023,17.9,12,0.301333333,Blenidae,Scartichthys viridis,Herbivore and Detritivore,Herbivoro,3.318584071,0.113962219,INCOMPLETO,,,,,,
GH010698,Las Cruces,Central,AMERB,3,-33.495009,fall ,2023,17.9,12,0.301333333,NaN,NaN,NaN,Carnivoro,0,0,INCOMPLETO,,,,,,
GH010699,Las Cruces,Central,AMERB,4,-33.495009,fall ,2023,11.3,13,0.325833333,Blenidae,Scartichthys viridis,Herbivore and Detritivore,Herbivoro,7.672634271,0.153594648,COMPLETO,,,,,,
GH010699,Las Cruces,Central,AMERB,4,-33.495009,fall ,2023,11.3,13,0.325833333,Blenidae,Scartichthys viridis,Herbivore and Detritivore,Herbivoro,7.672634271,0.153594648,COMPLETO,,,,,,
GH010699,Las Cruces,Central,AMERB,4,-33.495009,fall ,2023,11.3,13,0.325833333,Blenidae,Scartichthys viridis,Herbivore and Detritivore,Herbivoro,1.534526854,0.052696597,COMPLETO,,,,,,
GH010699,Las Cruces,Central,AMERB,4,-33.495009,fall ,2023,11.3,13,0.325833333,Blenidae,Scartichthys viridis,Herbivore and Detritivore,Herbivoro,13.81074169,0.276470367,COMPLETO,,,,,,
GH010699,Las Cruces,Central,AMERB,4,-33.495009,fall ,2023,11.3,13,0.325833333,Blenidae,Scartichthys viridis,Herbivore and Detritivore,Herbivoro,7.672634271,0.153594648,COMPLETO,,,,,,
GH010699,Las Cruces,Central,AMERB,4,-33.495009,fall ,2023,11.3,13,0.325833333,Blenidae,Scartichthys viridis,Herbivore and Detritivore,Herbivoro,6.138107417,0.49392524,COMPLETO,,,,,,
GH010699,Las Cruces,Central,AMERB,4,-33.495009,fall ,2023,11.3,13,0.325833333,Blenidae,Scartichthys viridis,Herbivore and Detritivore,Herbivoro,6.138107417,0.063476421,COMPLETO,,,,,,
GH010699,Las Cruces,Central,AMERB,4,-33.495009,fall ,2023,11.3,13,0.325833333,Blenidae,Scartichthys viridis,Herbivore and Detritivore,Herbivoro,4.603580563,0.027752187,COMPLETO,,,,,,
GH010699,Las Cruces,Central,AMERB,4,-33.495009,fall ,2023,11.3,13,0.325833333,Blenidae,Scartichthys viridis,Herbivore and Detritivore,Herbivoro,4.603580563,0.027752187,COMPLETO,,,,,,
GH010699,Las Cruces,Central,AMERB,4,-33.495009,fall ,2023,11.3,13,0.325833333,NaN,NaN,NaN,Carnivoro,0,0,COMPLETO,,,,,,
GH010701,Las Cruces,Central,AMERB,5,-33.495009,fall ,2023,9.4,14,0.343333333,Blenidae,Scartichthys viridis,Herbivore and Detritivore,Herbivoro,10.19417476,0.295584966,COMPLETO,,,,,,
GH010701,Las Cruces,Central,AMERB,5,-33.495009,fall ,2023,9.4,14,0.343333333,Blenidae,Scartichthys viridis,Herbivore and Detritivore,Herbivoro,4.368932039,0.026337633,COMPLETO,,,,,,
GH010701,Las Cruces,Central,AMERB,5,-33.495009,fall ,2023,9.4,14,0.343333333,Blenidae,Scartichthys viridis,Herbivore and Detritivore,Herbivoro,5.825242718,0.035116845,COMPLETO,,,,,,
GH010701,Las Cruces,Central,AMERB,5,-33.495009,fall ,2023,9.4,14,0.343333333,Blenidae,Scartichthys viridis,Herbivore and Detritivore,Herbivoro,10.19417476,0.105421702,COMPLETO,,,,,,
GH010701,Las Cruces,Central,AMERB,5,-33.495009,fall ,2023,9.4,14,0.343333333,Blenidae,Scartichthys viridis,Herbivore and Detritivore,Herbivoro,8.737864078,0.090361459,COMPLETO,,,,,,
GH010701,Las Cruces,Central,AMERB,5,-33.495009,fall ,2023,9.4,14,0.343333333,Blenidae,Scartichthys viridis,Herbivore and Detritivore,Herbivoro,5.825242718,0.060240972,COMPLETO,,,,,,
GH010701,Las Cruces,Central,AMERB,5,-33.495009,fall ,2023,9.4,14,0.343333333,NaN,NaN,NaN,Carnivoro,0,0,COMPLETO,,,,,,
GH010318,Las Cruces,Central,AMCP,2,-33.495009,fall,2022,14,13,0.425333333,NaN,NaN,NaN,Carnivoro,0,0,COMPLETO,,,,,,
GH010318,Las Cruces,Central,AMCP,2,-33.495009,fall,2022,14,13,0.425333333,Blenidae,Scartichthys viridis,Herbivore and Detritivore,Herbivoro,1.175548589,0.007086667,COMPLETO,,,,,,
GH010318,Las Cruces,Central,AMCP,2,-33.495009,fall,2022,14,13,0.425333333,Blenidae,Scartichthys viridis,Herbivore and Detritivore,Herbivoro,1.175548589,0.023532722,COMPLETO,,,,,,
GH010318,Las Cruces,Central,AMCP,2,-33.495009,fall,2022,14.1,13,0.425333333,Blenidae,Scartichthys viridis,Benthic Omnivore,Herbivoro,1.175548589,0.028486375,COMPLETO,,,,,,
GH010318,Las Cruces,Central,AMCP,2,-33.495009,fall,2022,14,13,0.425333333,NaN,NaN,NaN,Carnivoro,0,0,COMPLETO,,,,,,
GH010310,Las Cruces,Central,AMCP,3,-33.495009,,2022,NiD,NiD,0.469666667,Blenidae,Scartichthys viridis,Benthic Omnivore,Herbivoro,5.32292406,0.182792488,COMPLETO,,,,,,
GH010310,Las Cruces,Central,AMCP,3,-33.495009,,2022,NiD,NiD,0.469666667,Cheilodactylidae,Cheilodactylus variegatus,Movile invertivore,Carnivoro,1.064584812,0.377890602,COMPLETO,,,,,,
GH010310,Las Cruces,Central,AMCP,3,-33.495009,,2022,NiD,NiD,0.469666667,Bovichtidae,Bovichtus chilensis,Movile invertivore,Carnivoro,1.064584812,0.026646208,COMPLETO,,,,,,
GH010819B,Cobquecura,Sur Centro,AMERB,4,-28.553365,,2024,10.9,11.6,0.622166667,NaN,NaN,NaN,Carnivoro,0,0,COMPLETO,,,,,,
GH010819B,Cobquecura,Sur Centro,AMERB,4,-28.553365,,2024,10.9,11.6,0.622166667,NaN,NaN,NaN,Herbivoro,0,0,COMPLETO,,,,,,
GX010092,Las Cruces,Central,AMCP,3,-33.495009,winter,2022,11.1,14,0.469666667,Cheilodactylidae,Cheilodactylus variegatus,Movile invertivore,Carnivoro,1.064584812,0.778955875,COMPLETO,,,,,,
GX010092,Las Cruces,Central,AMCP,3,-33.495009,winter,2022,11.1,14,0.469666667,Cheilodactylidae,Cheilodactylus variegatus,Movile invertivore,Carnivoro,2.129169624,1.822672413,COMPLETO,,,,,,
GX010092,Las Cruces,Central,AMCP,3,-33.495009,winter,2022,11.1,14,0.469666667,Blenidae,Scartichthys viridis,Benthic Omnivore,Herbivoro,12.77501774,0.438701972,COMPLETO,,,,,,
GX010092,Las Cruces,Central,AMCP,3,-33.495009,winter,2022,11.1,14,0.469666667,Blenidae,Scartichthys viridis,Benthic Omnivore,Herbivoro,5.32292406,0.182792488,COMPLETO,,,,,,
GX010092,Las Cruces,Central,AMCP,3,-33.495009,winter,2022,11.1,14,0.469666667,Blenidae,Scartichthys viridis,Benthic Omnivore,Herbivoro,1.064584812,0.025797456,COMPLETO,,,,,,
GX010092,Las Cruces,Central,AMCP,3,-33.495009,winter,2022,11.1,14,0.469666667,Blenidae,Scartichthys viridis,Benthic Omnivore,Herbivoro,8.516678495,0.206379645,COMPLETO,,,,,,
GX010092,Las Cruces,Central,AMCP,3,-33.495009,winter,2022,11.1,14,0.469666667,Blenidae,Scartichthys viridis,Benthic Omnivore,Herbivoro,2.129169624,0.051594911,COMPLETO,,,,,,
GX010092,Las Cruces,Central,AMCP,3,-33.495009,winter,2022,11.1,14,0.469666667,Cheilodactylidae,Cheilodactylus variegatus,Movile invertivore,Carnivoro,3.193754436,1.133671805,COMPLETO,,,,,,
GX010092,Las Cruces,Central,AMCP,3,-33.495009,winter,2022,11.1,14,0.469666667,Blenidae,Scartichthys viridis,Benthic Omnivore,Herbivoro,1.064584812,0.025797456,COMPLETO,,,,,,
GX010092,Las Cruces,Central,AMCP,3,-33.495009,winter,2022,11.1,14,0.469666667,Blenidae,Scartichthys viridis,Benthic Omnivore,Herbivoro,10.64584812,0.365584977,COMPLETO,,,,,,
GX010092,Las Cruces,Central,AMCP,3,-33.495009,winter,2022,11.1,14,0.469666667,Blenidae,Scartichthys viridis,Benthic Omnivore,Herbivoro,4.258339248,0.146233991,COMPLETO,,,,,,
GX010092,Las Cruces,Central,AMCP,3,-33.495009,winter,2022,11.1,14,0.469666667,Cheilodactylidae,Cheilodactylus variegatus,Movile invertivore,Carnivoro,3.193754436,1.133671805,COMPLETO,,,,,,
GX010092,Las Cruces,Central,AMCP,3,-33.495009,winter,2022,11.1,14,0.469666667,Cheilodactylidae,Cheilodactylus variegatus,Movile invertivore,Carnivoro,6.387508872,2.267343609,COMPLETO,,,,,,
GX010092,Las Cruces,Central,AMCP,3,-33.495009,winter,2022,11.1,14,0.469666667,Blenidae,Scartichthys viridis,Benthic Omnivore,Herbivoro,1.064584812,0.011009262,COMPLETO,,,,,,
GX010092,Las Cruces,Central,AMCP,3,-33.495009,winter,2022,11.1,14,0.469666667,Blenidae,Scartichthys viridis,Benthic Omnivore,Herbivoro,20.22711143,0.694611456,COMPLETO,,,,,,
GX010092,Las Cruces,Central,AMCP,3,-33.495009,winter,2022,11.1,14,0.469666667,Blenidae,Scartichthys viridis,Benthic Omnivore,Herbivoro,1.064584812,0.011009262,COMPLETO,,,,,,
GX010092,Las Cruces,Central,AMCP,3,-33.495009,winter,2022,11.1,14,0.469666667,Blenidae,Scartichthys viridis,Benthic Omnivore,Herbivoro,3.193754436,0.033027786,COMPLETO,,,,,,
GX010092,Las Cruces,Central,AMCP,3,-33.495009,winter,2022,11.1,14,0.469666667,Blenidae,Scartichthys viridis,Benthic Omnivore,Herbivoro,3.193754436,0.109675493,COMPLETO,,,,,,
GX010091,Las Cruces,Central,AMCP,,-33.495009,Fall,2022,NiD,NiD,0.412,Cheilodactylidae,Cheilodactylus variegatus,Movile invertivore,Carnivoro,1.213592233,0.430783056,COMPLETO,,,,,,
GX010091,Las Cruces,Central,AMCP,,-33.495009,Fall,2022,NiD,NiD,0.412,Blenidae,Scartichthys viridis,Benthic Omnivore,Herbivoro,6.067961165,0.208377521,COMPLETO,,,,,,